{"$schema":"http://schema.management.azure.com/schemas/2015-01-01/deploymentTemplate.json#","contentVersion":"1.0.0.0","parameters":{"DWDEV":{"type":"string"},"WeatherStackAPI infy_1157178":{"type":"string"},"LHDEV":{"type":"string"}},"variables":{},"resources":[{"name":"pl_GetWeatherDetails","type":"pipelines","apiVersion":"2018-06-01","properties":{"description":"A Pipeline which will GET responses from Open Source Rest API in json format and load into Onelake for further transformations","activities":[{"name":"CountryDetails Lookup","type":"Lookup","dependsOn":[],"policy":{"timeout":"0.12:00:00","retry":0,"retryIntervalInSeconds":30,"secureOutput":false,"secureInput":false},"typeProperties":{"source":{"type":"DataWarehouseSource","sqlReaderStoredProcedureName":"[[dbo].[GetCountryDetails]","storedProcedureParameters":{"RegionName":{"type":"String","value":{"value":"@pipeline().parameters.RegionName","type":"Expression"}}},"queryTimeout":"02:00:00","partitionOption":"None"},"firstRowOnly":false,"datasetSettings":{"annotations":[],"linkedService":{"name":"DWDEV","properties":{"annotations":[],"type":"DataWarehouse","typeProperties":{"endpoint":"bhhmhvuc6ugebii3ciiel2bl7q-dm3q2642ct2u3oppl5ma4pzpbi.datawarehouse.fabric.microsoft.com","artifactId":"[parameters('DWDEV')]","workspaceId":"7b0d371b-149a-4df5-b9ef-5f580e3f2f0a"}}},"type":"DataWarehouseTable","schema":[],"typeProperties":{}}}},{"name":"CountryWise Iteration","type":"ForEach","dependsOn":[{"activity":"CountryDetails Lookup","dependencyConditions":["Succeeded"]}],"typeProperties":{"items":{"value":"@activity('CountryDetails Lookup').output.value","type":"Expression"},"isSequential":false,"batchCount":20,"activities":[{"name":"Load Data From API","type":"Copy","dependsOn":[],"policy":{"timeout":"0.12:00:00","retry":0,"retryIntervalInSeconds":30,"secureOutput":false,"secureInput":false},"typeProperties":{"source":{"type":"RestSource","httpRequestTimeout":"00:01:40","requestInterval":"00.00:00:00.010","requestMethod":"GET","paginationRules":{"supportRFC5988":"true"},"datasetSettings":{"annotations":[],"type":"RestResource","typeProperties":{"relativeUrl":{"value":"@concat('http://api.weatherstack.com/current?access_key=',pipeline().parameters.AccessKey,'&query=',item().Country)","type":"Expression"}},"schema":[],"externalReferences":{"connection":"[parameters('WeatherStackAPI infy_1157178')]"}}},"sink":{"type":"JsonSink","storeSettings":{"type":"LakehouseWriteSettings","copyBehavior":"MergeFiles"},"formatSettings":{"type":"JsonWriteSettings"},"datasetSettings":{"annotations":[],"linkedService":{"name":"LHDEV","properties":{"annotations":[],"type":"Lakehouse","typeProperties":{"workspaceId":"7b0d371b-149a-4df5-b9ef-5f580e3f2f0a","artifactId":"[parameters('LHDEV')]","rootFolder":"Files"}}},"type":"Json","typeProperties":{"location":{"type":"LakehouseLocation","fileName":{"value":"@concat(item().Country,'-',formatDateTime(convertFromUtc(utcNow(),'Central Standard Time'), 'yyyyMMddHHmmssffffff'),'.json')","type":"Expression"},"folderPath":"WeatherDetails_Stream"}},"schema":{}}},"enableStaging":false}}]}}],"parameters":{"RegionName":{"type":"string","defaultValue":"ALL"},"AccessKey":{"type":"string","defaultValue":"ALL"}},"lastModifiedByObjectId":"2265f7f1-dc16-4721-aaf0-83fff5365e8d","lastPublishTime":"2024-12-01T06:47:33Z","extraTridentInfo":"{\"folderObjectId\":\"7b0d371b-149a-4df5-b9ef-5f580e3f2f0a\",\"capacityObjectId\":\"ECF1D737-27F0-49A1-868A-D8D6B6BF29C4\",\"artifactType\":\"Pipeline\",\"provisionState\":\"Active\",\"lastUpdatedDate\":\"2024-12-01T06:47:32.240Z\",\"createdDate\":\"2024-11-26T10:12:59.988Z\",\"ownerUser\":{\"id\":482033,\"name\":\"infy_1157178\",\"objectId\":\"2265f7f1-dc16-4721-aaf0-83fff5365e8d\",\"userPrincipalName\":\"infy_1157178@dnapocs11outlook.onmicrosoft.com\",\"aadAppId\":null,\"type\":null},\"ownerUserId\":482033,\"createdByUser\":{\"id\":482033,\"name\":\"infy_1157178\",\"objectId\":\"2265f7f1-dc16-4721-aaf0-83fff5365e8d\",\"userPrincipalName\":\"infy_1157178@dnapocs11outlook.onmicrosoft.com\",\"aadAppId\":null,\"type\":null},\"createdByUserId\":482033,\"modifiedByUser\":{\"id\":482033,\"name\":\"infy_1157178\",\"objectId\":\"2265f7f1-dc16-4721-aaf0-83fff5365e8d\",\"userPrincipalName\":\"infy_1157178@dnapocs11outlook.onmicrosoft.com\",\"aadAppId\":null,\"type\":null},\"modifiedByUserId\":482033,\"artifactRelations\":[{\"dependentArtifactObjectId\":\"780e9978-6322-4fcd-a5cc-be63a6622edc\",\"settings\":0}],\"permissions\":71,\"artifactPermissions\":7,\"systemArtifactType\":\"None\",\"etag\":\"\\\"df19b97e8da6406d805f649099cb4a03\\\"\"}"},"dependsOn":[]}]}