﻿{"request":{"type":"City","query":"Kabul, Afghanistan","language":"en","unit":"m"},"location":{"name":"Kabul","country":"Afghanistan","region":"Kabol","lat":"34.517","lon":"69.183","timezone_id":"Asia/Kabul","localtime":"2024-12-01 17:01","localtime_epoch":1733072460,"utc_offset":"4.50"},"current":{"observation_time":"12:31 PM","temperature":6,"weather_code":113,"weather_icons":["https://cdn.worldweatheronline.com/images/wsymbols01_png_64/wsymbol_0008_clear_sky_night.png"],"weather_descriptions":["Clear "],"wind_speed":7,"wind_degree":12,"wind_dir":"NNE","pressure":1015,"precip":0,"humidity":51,"cloudcover":24,"feelslike":5,"uv_index":0,"visibility":10,"is_day":"no"}}
