﻿{"request":{"type":"City","query":"Kabul, Afghanistan","language":"en","unit":"m"},"location":{"name":"Kabul","country":"Afghanistan","region":"Kabol","lat":"34.517","lon":"69.183","timezone_id":"Asia/Kabul","localtime":"2024-11-29 10:19","localtime_epoch":1732875540,"utc_offset":"4.50"},"current":{"observation_time":"05:49 AM","temperature":4,"weather_code":296,"weather_icons":["https://cdn.worldweatheronline.com/images/wsymbols01_png_64/wsymbol_0017_cloudy_with_light_rain.png"],"weather_descriptions":["Light rain"],"wind_speed":4,"wind_degree":245,"wind_dir":"WSW","pressure":1025,"precip":1.5,"humidity":91,"cloudcover":91,"feelslike":4,"uv_index":1,"visibility":9,"is_day":"yes"}}
