﻿{"request":{"type":"City","query":"Tirana, Albania","language":"en","unit":"m"},"location":{"name":"Tirana","country":"Albania","region":"Tirane","lat":"41.328","lon":"19.819","timezone_id":"Europe/Tirane","localtime":"2024-12-01 13:08","localtime_epoch":1733058480,"utc_offset":"1.0"},"current":{"observation_time":"12:08 PM","temperature":14,"weather_code":116,"weather_icons":["https://cdn.worldweatheronline.com/images/wsymbols01_png_64/wsymbol_0002_sunny_intervals.png"],"weather_descriptions":["Partly cloudy"],"wind_speed":13,"wind_degree":44,"wind_dir":"NE","pressure":1013,"precip":0,"humidity":55,"cloudcover":75,"feelslike":13,"uv_index":1,"visibility":10,"is_day":"yes"}}
