﻿{"request":{"type":"City","query":"Tirana, Albania","language":"en","unit":"m"},"location":{"name":"Tirana","country":"Albania","region":"Tirane","lat":"41.328","lon":"19.819","timezone_id":"Europe/Tirane","localtime":"2024-11-29 05:41","localtime_epoch":1732858860,"utc_offset":"1.0"},"current":{"observation_time":"04:41 AM","temperature":10,"weather_code":176,"weather_icons":["https://cdn.worldweatheronline.com/images/wsymbols01_png_64/wsymbol_0025_light_rain_showers_night.png"],"weather_descriptions":["Patchy rain nearby"],"wind_speed":9,"wind_degree":140,"wind_dir":"SE","pressure":1021,"precip":0,"humidity":81,"cloudcover":60,"feelslike":9,"uv_index":0,"visibility":10,"is_day":"no"}}
