﻿{"request":{"type":"City","query":"Algiers, Algeria","language":"en","unit":"m"},"location":{"name":"Algiers","country":"Algeria","region":"Alger","lat":"36.763","lon":"3.051","timezone_id":"Africa/Algiers","localtime":"2024-11-29 05:33","localtime_epoch":1732858380,"utc_offset":"1.0"},"current":{"observation_time":"04:33 AM","temperature":16,"weather_code":113,"weather_icons":["https://cdn.worldweatheronline.com/images/wsymbols01_png_64/wsymbol_0008_clear_sky_night.png"],"weather_descriptions":["Clear "],"wind_speed":6,"wind_degree":222,"wind_dir":"SW","pressure":1026,"precip":0,"humidity":80,"cloudcover":0,"feelslike":16,"uv_index":0,"visibility":10,"is_day":"no"}}
