﻿{"request":{"type":"City","query":"Algiers, Algeria","language":"en","unit":"m"},"location":{"name":"Algiers","country":"Algeria","region":"Alger","lat":"36.763","lon":"3.051","timezone_id":"Africa/Algiers","localtime":"2024-12-01 13:05","localtime_epoch":1733058300,"utc_offset":"1.0"},"current":{"observation_time":"12:05 PM","temperature":19,"weather_code":113,"weather_icons":["https://cdn.worldweatheronline.com/images/wsymbols01_png_64/wsymbol_0001_sunny.png"],"weather_descriptions":["Sunny"],"wind_speed":6,"wind_degree":358,"wind_dir":"N","pressure":1024,"precip":0,"humidity":67,"cloudcover":2,"feelslike":19,"uv_index":2,"visibility":10,"is_day":"yes"}}
