﻿{"request":{"type":"City","query":"Andorra La Vella, Andorra","language":"en","unit":"m"},"location":{"name":"Andorra La Vella","country":"Andorra","region":"Andorra la Vella","lat":"42.500","lon":"1.517","timezone_id":"Europe/Andorra","localtime":"2024-12-01 13:07","localtime_epoch":1733058420,"utc_offset":"1.0"},"current":{"observation_time":"12:07 PM","temperature":12,"weather_code":113,"weather_icons":["https://cdn.worldweatheronline.com/images/wsymbols01_png_64/wsymbol_0001_sunny.png"],"weather_descriptions":["Sunny"],"wind_speed":5,"wind_degree":349,"wind_dir":"N","pressure":1024,"precip":0,"humidity":53,"cloudcover":10,"feelslike":13,"uv_index":2,"visibility":10,"is_day":"yes"}}
