﻿{"request":{"type":"City","query":"Andorra La Vella, Andorra","language":"en","unit":"m"},"location":{"name":"Andorra La Vella","country":"Andorra","region":"Andorra la Vella","lat":"42.500","lon":"1.517","timezone_id":"Europe/Andorra","localtime":"2024-11-29 05:54","localtime_epoch":1732859640,"utc_offset":"1.0"},"current":{"observation_time":"04:54 AM","temperature":3,"weather_code":113,"weather_icons":["https://cdn.worldweatheronline.com/images/wsymbols01_png_64/wsymbol_0008_clear_sky_night.png"],"weather_descriptions":["Clear "],"wind_speed":10,"wind_degree":25,"wind_dir":"NNE","pressure":1025,"precip":0,"humidity":50,"cloudcover":0,"feelslike":0,"uv_index":0,"visibility":10,"is_day":"no"}}
