﻿{"request":{"type":"City","query":"Luanda, Angola","language":"en","unit":"m"},"location":{"name":"Luanda","country":"Angola","region":"Cuanza Norte","lat":"-8.838","lon":"13.234","timezone_id":"Africa/Luanda","localtime":"2024-11-29 05:33","localtime_epoch":1732858380,"utc_offset":"1.0"},"current":{"observation_time":"04:33 AM","temperature":25,"weather_code":116,"weather_icons":["https://cdn.worldweatheronline.com/images/wsymbols01_png_64/wsymbol_0004_black_low_cloud.png"],"weather_descriptions":["Partly cloudy"],"wind_speed":11,"wind_degree":163,"wind_dir":"SSE","pressure":1013,"precip":0,"humidity":83,"cloudcover":75,"feelslike":28,"uv_index":0,"visibility":10,"is_day":"no"}}
