﻿{"request":{"type":"City","query":"Luanda, Angola","language":"en","unit":"m"},"location":{"name":"Luanda","country":"Angola","region":"Cuanza Norte","lat":"-8.838","lon":"13.234","timezone_id":"Africa/Luanda","localtime":"2024-12-01 12:51","localtime_epoch":1733057460,"utc_offset":"1.0"},"current":{"observation_time":"11:51 AM","temperature":30,"weather_code":116,"weather_icons":["https://cdn.worldweatheronline.com/images/wsymbols01_png_64/wsymbol_0002_sunny_intervals.png"],"weather_descriptions":["Partly cloudy"],"wind_speed":18,"wind_degree":119,"wind_dir":"ESE","pressure":1010,"precip":0,"humidity":66,"cloudcover":50,"feelslike":36,"uv_index":11,"visibility":10,"is_day":"yes"}}
