﻿{"request":{"type":"City","query":"Buenos Aires, Argentina","language":"en","unit":"m"},"location":{"name":"Buenos Aires","country":"Argentina","region":"Distrito Federal","lat":"-34.588","lon":"-58.673","timezone_id":"America/Argentina/Buenos_Aires","localtime":"2024-12-01 09:32","localtime_epoch":1733045520,"utc_offset":"-3.0"},"current":{"observation_time":"12:32 PM","temperature":18,"weather_code":389,"weather_icons":["https://cdn.worldweatheronline.com/images/wsymbols01_png_64/wsymbol_0024_thunderstorms.png"],"weather_descriptions":["Light Rain With Thunderstorm"],"wind_speed":14,"wind_degree":40,"wind_dir":"NE","pressure":999,"precip":1.1,"humidity":94,"cloudcover":75,"feelslike":18,"uv_index":2,"visibility":9,"is_day":"yes"}}
