﻿{"request":{"type":"City","query":"Buenos Aires, Argentina","language":"en","unit":"m"},"location":{"name":"Buenos Aires","country":"Argentina","region":"Distrito Federal","lat":"-34.588","lon":"-58.673","timezone_id":"America/Argentina/Buenos_Aires","localtime":"2024-11-27 02:32","localtime_epoch":1732674720,"utc_offset":"-3.0"},"current":{"observation_time":"05:32 AM","temperature":21,"weather_code":113,"weather_icons":["https://cdn.worldweatheronline.com/images/wsymbols01_png_64/wsymbol_0008_clear_sky_night.png"],"weather_descriptions":["Clear"],"wind_speed":10,"wind_degree":135,"wind_dir":"SE","pressure":1007,"precip":0,"humidity":88,"cloudcover":0,"feelslike":21,"uv_index":0,"visibility":9,"is_day":"no"}}
