﻿{"request":{"type":"City","query":"Yerevan, Armenia","language":"en","unit":"m"},"location":{"name":"Yerevan","country":"Armenia","region":"Yerevan","lat":"40.181","lon":"44.514","timezone_id":"Asia/Yerevan","localtime":"2024-12-01 16:17","localtime_epoch":1733069820,"utc_offset":"4.0"},"current":{"observation_time":"12:17 PM","temperature":6,"weather_code":113,"weather_icons":["https://cdn.worldweatheronline.com/images/wsymbols01_png_64/wsymbol_0001_sunny.png"],"weather_descriptions":["Sunny"],"wind_speed":4,"wind_degree":213,"wind_dir":"SSW","pressure":1025,"precip":0,"humidity":56,"cloudcover":0,"feelslike":6,"uv_index":1,"visibility":6,"is_day":"yes"}}
