﻿{"request":{"type":"City","query":"Yerevan, Armenia","language":"en","unit":"m"},"location":{"name":"Yerevan","country":"Armenia","region":"Yerevan","lat":"40.181","lon":"44.514","timezone_id":"Asia/Yerevan","localtime":"2024-11-29 09:53","localtime_epoch":1732873980,"utc_offset":"4.0"},"current":{"observation_time":"05:53 AM","temperature":0,"weather_code":113,"weather_icons":["https://cdn.worldweatheronline.com/images/wsymbols01_png_64/wsymbol_0001_sunny.png"],"weather_descriptions":["Sunny"],"wind_speed":4,"wind_degree":93,"wind_dir":"E","pressure":1025,"precip":0,"humidity":86,"cloudcover":0,"feelslike":-1,"uv_index":0,"visibility":10,"is_day":"yes"}}
