﻿{"request":{"type":"City","query":"Canberra, Australia","language":"en","unit":"m"},"location":{"name":"Canberra","country":"Australia","region":"Australian Capital Territory","lat":"-35.283","lon":"149.217","timezone_id":"Australia/Sydney","localtime":"2024-12-01 23:13","localtime_epoch":1733094780,"utc_offset":"11.0"},"current":{"observation_time":"12:13 PM","temperature":17,"weather_code":113,"weather_icons":["https://cdn.worldweatheronline.com/images/wsymbols01_png_64/wsymbol_0008_clear_sky_night.png"],"weather_descriptions":["Clear"],"wind_speed":4,"wind_degree":276,"wind_dir":"W","pressure":1009,"precip":0,"humidity":72,"cloudcover":0,"feelslike":17,"uv_index":0,"visibility":10,"is_day":"no"}}
