﻿{"request":{"type":"City","query":"Canberra, Australia","language":"en","unit":"m"},"location":{"name":"Canberra","country":"Australia","region":"Australian Capital Territory","lat":"-35.283","lon":"149.217","timezone_id":"Australia/Sydney","localtime":"2024-11-29 15:49","localtime_epoch":1732895340,"utc_offset":"11.0"},"current":{"observation_time":"04:49 AM","temperature":21,"weather_code":296,"weather_icons":["https://cdn.worldweatheronline.com/images/wsymbols01_png_64/wsymbol_0017_cloudy_with_light_rain.png"],"weather_descriptions":["Light Rain"],"wind_speed":13,"wind_degree":82,"wind_dir":"E","pressure":1018,"precip":0.7,"humidity":83,"cloudcover":100,"feelslike":21,"uv_index":4,"visibility":10,"is_day":"yes"}}
