﻿{"request":{"type":"City","query":"Vienna, Austria","language":"en","unit":"m"},"location":{"name":"Vienna","country":"Austria","region":"Wien","lat":"48.200","lon":"16.367","timezone_id":"Europe/Vienna","localtime":"2024-11-29 05:37","localtime_epoch":1732858620,"utc_offset":"1.0"},"current":{"observation_time":"04:37 AM","temperature":6,"weather_code":116,"weather_icons":["https://cdn.worldweatheronline.com/images/wsymbols01_png_64/wsymbol_0004_black_low_cloud.png"],"weather_descriptions":["Partly cloudy"],"wind_speed":27,"wind_degree":298,"wind_dir":"WNW","pressure":1024,"precip":0,"humidity":75,"cloudcover":75,"feelslike":2,"uv_index":0,"visibility":10,"is_day":"no"}}
