﻿{"request":{"type":"City","query":"Vienna, Austria","language":"en","unit":"m"},"location":{"name":"Vienna","country":"Austria","region":"Wien","lat":"48.200","lon":"16.367","timezone_id":"Europe/Vienna","localtime":"2024-12-01 12:53","localtime_epoch":1733057580,"utc_offset":"1.0"},"current":{"observation_time":"11:53 AM","temperature":7,"weather_code":113,"weather_icons":["https://cdn.worldweatheronline.com/images/wsymbols01_png_64/wsymbol_0001_sunny.png"],"weather_descriptions":["Sunny"],"wind_speed":12,"wind_degree":132,"wind_dir":"SE","pressure":1028,"precip":0,"humidity":70,"cloudcover":0,"feelslike":5,"uv_index":1,"visibility":10,"is_day":"yes"}}
