﻿{"request":{"type":"City","query":"Baku, Azerbaijan","language":"en","unit":"m"},"location":{"name":"Baku","country":"Azerbaijan","region":"Baki","lat":"40.395","lon":"49.882","timezone_id":"Asia/Baku","localtime":"2024-11-29 09:53","localtime_epoch":1732873980,"utc_offset":"4.0"},"current":{"observation_time":"05:53 AM","temperature":8,"weather_code":116,"weather_icons":["https://cdn.worldweatheronline.com/images/wsymbols01_png_64/wsymbol_0002_sunny_intervals.png"],"weather_descriptions":["Partly cloudy"],"wind_speed":41,"wind_degree":341,"wind_dir":"NNW","pressure":1024,"precip":0.4,"humidity":81,"cloudcover":75,"feelslike":4,"uv_index":0,"visibility":10,"is_day":"yes"}}
