﻿{"request":{"type":"City","query":"Baku, Azerbaijan","language":"en","unit":"m"},"location":{"name":"Baku","country":"Azerbaijan","region":"Baki","lat":"40.395","lon":"49.882","timezone_id":"Asia/Baku","localtime":"2024-12-01 16:31","localtime_epoch":1733070660,"utc_offset":"4.0"},"current":{"observation_time":"12:31 PM","temperature":8,"weather_code":122,"weather_icons":["https://cdn.worldweatheronline.com/images/wsymbols01_png_64/wsymbol_0004_black_low_cloud.png"],"weather_descriptions":["Overcast"],"wind_speed":18,"wind_degree":27,"wind_dir":"NNE","pressure":1030,"precip":0,"humidity":81,"cloudcover":100,"feelslike":5,"uv_index":0,"visibility":10,"is_day":"yes"}}
