﻿{"request":{"type":"City","query":"Dhaka, Bangladesh","language":"en","unit":"m"},"location":{"name":"Dhaka","country":"Bangladesh","region":"","lat":"23.723","lon":"90.409","timezone_id":"Asia/Dhaka","localtime":"2024-12-01 18:45","localtime_epoch":1733078700,"utc_offset":"6.0"},"current":{"observation_time":"12:45 PM","temperature":25,"weather_code":113,"weather_icons":["https://cdn.worldweatheronline.com/images/wsymbols01_png_64/wsymbol_0008_clear_sky_night.png"],"weather_descriptions":["Clear "],"wind_speed":12,"wind_degree":308,"wind_dir":"NW","pressure":1009,"precip":0,"humidity":32,"cloudcover":10,"feelslike":25,"uv_index":0,"visibility":10,"is_day":"no"}}
