﻿{"request":{"type":"City","query":"Dhaka, Bangladesh","language":"en","unit":"m"},"location":{"name":"Dhaka","country":"Bangladesh","region":"","lat":"23.723","lon":"90.409","timezone_id":"Asia/Dhaka","localtime":"2024-11-29 11:41","localtime_epoch":1732880460,"utc_offset":"6.0"},"current":{"observation_time":"05:41 AM","temperature":27,"weather_code":113,"weather_icons":["https://cdn.worldweatheronline.com/images/wsymbols01_png_64/wsymbol_0001_sunny.png"],"weather_descriptions":["Sunny"],"wind_speed":10,"wind_degree":27,"wind_dir":"NNE","pressure":1014,"precip":0,"humidity":42,"cloudcover":15,"feelslike":27,"uv_index":5,"visibility":10,"is_day":"yes"}}
