﻿{"request":{"type":"City","query":"Minsk, Belarus","language":"en","unit":"m"},"location":{"name":"Minsk","country":"Belarus","region":"Minsk","lat":"53.900","lon":"27.567","timezone_id":"Europe/Minsk","localtime":"2024-12-01 15:22","localtime_epoch":1733066520,"utc_offset":"3.0"},"current":{"observation_time":"12:22 PM","temperature":3,"weather_code":116,"weather_icons":["https://cdn.worldweatheronline.com/images/wsymbols01_png_64/wsymbol_0002_sunny_intervals.png"],"weather_descriptions":["Partly cloudy"],"wind_speed":10,"wind_degree":218,"wind_dir":"SW","pressure":1030,"precip":0,"humidity":81,"cloudcover":75,"feelslike":1,"uv_index":0,"visibility":10,"is_day":"yes"}}
