﻿{"request":{"type":"City","query":"Minsk, Belarus","language":"en","unit":"m"},"location":{"name":"Minsk","country":"Belarus","region":"Minsk","lat":"53.900","lon":"27.567","timezone_id":"Europe/Minsk","localtime":"2024-11-29 07:41","localtime_epoch":1732866060,"utc_offset":"3.0"},"current":{"observation_time":"04:41 AM","temperature":0,"weather_code":326,"weather_icons":["https://cdn.worldweatheronline.com/images/wsymbols01_png_64/wsymbol_0027_light_snow_showers_night.png"],"weather_descriptions":["Light Snow"],"wind_speed":6,"wind_degree":157,"wind_dir":"SSE","pressure":1019,"precip":0,"humidity":100,"cloudcover":100,"feelslike":-2,"uv_index":0,"visibility":2,"is_day":"no"}}
