﻿{"request":{"type":"City","query":"Brussels, Belgium","language":"en","unit":"m"},"location":{"name":"Brussels","country":"Belgium","region":"","lat":"50.833","lon":"4.333","timezone_id":"Europe/Brussels","localtime":"2024-11-29 05:29","localtime_epoch":1732858140,"utc_offset":"1.0"},"current":{"observation_time":"04:29 AM","temperature":1,"weather_code":248,"weather_icons":["https://cdn.worldweatheronline.com/images/wsymbols01_png_64/wsymbol_0007_fog.png"],"weather_descriptions":["Mist, Shallow Fog"],"wind_speed":8,"wind_degree":145,"wind_dir":"SE","pressure":1031,"precip":0,"humidity":93,"cloudcover":0,"feelslike":-1,"uv_index":0,"visibility":10,"is_day":"no"}}
