﻿{"request":{"type":"City","query":"Brussels, Belgium","language":"en","unit":"m"},"location":{"name":"Brussels","country":"Belgium","region":"","lat":"50.833","lon":"4.333","timezone_id":"Europe/Brussels","localtime":"2024-12-01 13:03","localtime_epoch":1733058180,"utc_offset":"1.0"},"current":{"observation_time":"12:03 PM","temperature":7,"weather_code":113,"weather_icons":["https://cdn.worldweatheronline.com/images/wsymbols01_png_64/wsymbol_0001_sunny.png"],"weather_descriptions":["Sunny"],"wind_speed":20,"wind_degree":181,"wind_dir":"S","pressure":1019,"precip":0,"humidity":57,"cloudcover":0,"feelslike":4,"uv_index":1,"visibility":10,"is_day":"yes"}}
