﻿{"request":{"type":"City","query":"Porto-Novo, Benin","language":"en","unit":"m"},"location":{"name":"Porto-Novo","country":"Benin","region":"Oueme","lat":"6.483","lon":"2.617","timezone_id":"Africa/Porto-Novo","localtime":"2024-11-29 05:34","localtime_epoch":1732858440,"utc_offset":"1.0"},"current":{"observation_time":"04:34 AM","temperature":25,"weather_code":116,"weather_icons":["https://cdn.worldweatheronline.com/images/wsymbols01_png_64/wsymbol_0004_black_low_cloud.png"],"weather_descriptions":["Partly cloudy"],"wind_speed":6,"wind_degree":344,"wind_dir":"NNW","pressure":1012,"precip":0,"humidity":94,"cloudcover":25,"feelslike":27,"uv_index":0,"visibility":8,"is_day":"no"}}
