﻿{"request":{"type":"City","query":"Porto-Novo, Benin","language":"en","unit":"m"},"location":{"name":"Porto-Novo","country":"Benin","region":"Oueme","lat":"6.483","lon":"2.617","timezone_id":"Africa/Porto-Novo","localtime":"2024-12-01 13:05","localtime_epoch":1733058300,"utc_offset":"1.0"},"current":{"observation_time":"12:05 PM","temperature":32,"weather_code":143,"weather_icons":["https://cdn.worldweatheronline.com/images/wsymbols01_png_64/wsymbol_0006_mist.png"],"weather_descriptions":["Haze"],"wind_speed":5,"wind_degree":117,"wind_dir":"ESE","pressure":1011,"precip":0,"humidity":34,"cloudcover":0,"feelslike":31,"uv_index":8,"visibility":6,"is_day":"yes"}}
