﻿{"request":{"type":"City","query":"Hamilton, Bermuda","language":"en","unit":"m"},"location":{"name":"Hamilton","country":"Bermuda","region":"Hamilton","lat":"32.294","lon":"-64.784","timezone_id":"Atlantic/Bermuda","localtime":"2024-12-01 08:17","localtime_epoch":1733041020,"utc_offset":"-4.0"},"current":{"observation_time":"12:17 PM","temperature":20,"weather_code":122,"weather_icons":["https://cdn.worldweatheronline.com/images/wsymbols01_png_64/wsymbol_0004_black_low_cloud.png"],"weather_descriptions":["Shower In Vicinity"],"wind_speed":15,"wind_degree":343,"wind_dir":"NNW","pressure":1018,"precip":0,"humidity":73,"cloudcover":100,"feelslike":20,"uv_index":0,"visibility":10,"is_day":"yes"}}
