﻿{"request":{"type":"City","query":"Hamilton, Bermuda","language":"en","unit":"m"},"location":{"name":"Hamilton","country":"Bermuda","region":"Hamilton","lat":"32.294","lon":"-64.784","timezone_id":"Atlantic/Bermuda","localtime":"2024-11-29 01:40","localtime_epoch":1732844400,"utc_offset":"-4.0"},"current":{"observation_time":"05:40 AM","temperature":22,"weather_code":122,"weather_icons":["https://cdn.worldweatheronline.com/images/wsymbols01_png_64/wsymbol_0004_black_low_cloud.png"],"weather_descriptions":["Shower In Vicinity"],"wind_speed":29,"wind_degree":204,"wind_dir":"SSW","pressure":1017,"precip":0,"humidity":94,"cloudcover":50,"feelslike":25,"uv_index":0,"visibility":10,"is_day":"no"}}
