﻿{"request":{"type":"City","query":"Thimphu, Bhutan","language":"en","unit":"m"},"location":{"name":"Thimphu","country":"Bhutan","region":"Thimphu","lat":"27.483","lon":"89.600","timezone_id":"Asia/Thimphu","localtime":"2024-12-01 18:31","localtime_epoch":1733077860,"utc_offset":"6.0"},"current":{"observation_time":"12:31 PM","temperature":1,"weather_code":113,"weather_icons":["https://cdn.worldweatheronline.com/images/wsymbols01_png_64/wsymbol_0008_clear_sky_night.png"],"weather_descriptions":["Clear "],"wind_speed":5,"wind_degree":265,"wind_dir":"W","pressure":1016,"precip":0,"humidity":76,"cloudcover":10,"feelslike":-1,"uv_index":0,"visibility":10,"is_day":"no"}}
