﻿{"request":{"type":"City","query":"Thimphu, Bhutan","language":"en","unit":"m"},"location":{"name":"Thimphu","country":"Bhutan","region":"Thimphu","lat":"27.483","lon":"89.600","timezone_id":"Asia/Thimphu","localtime":"2024-11-29 11:53","localtime_epoch":1732881180,"utc_offset":"6.0"},"current":{"observation_time":"05:53 AM","temperature":11,"weather_code":113,"weather_icons":["https://cdn.worldweatheronline.com/images/wsymbols01_png_64/wsymbol_0001_sunny.png"],"weather_descriptions":["Sunny"],"wind_speed":7,"wind_degree":107,"wind_dir":"ESE","pressure":1017,"precip":0,"humidity":32,"cloudcover":0,"feelslike":10,"uv_index":5,"visibility":10,"is_day":"yes"}}
