﻿{"request":{"type":"City","query":"Gaborone, Botswana","language":"en","unit":"m"},"location":{"name":"Gaborone","country":"Botswana","region":"South-East","lat":"-24.646","lon":"25.912","timezone_id":"Africa/Gaborone","localtime":"2024-12-01 14:05","localtime_epoch":1733061900,"utc_offset":"2.0"},"current":{"observation_time":"12:05 PM","temperature":34,"weather_code":116,"weather_icons":["https://cdn.worldweatheronline.com/images/wsymbols01_png_64/wsymbol_0002_sunny_intervals.png"],"weather_descriptions":["Partly cloudy"],"wind_speed":8,"wind_degree":3,"wind_dir":"N","pressure":1016,"precip":0,"humidity":14,"cloudcover":25,"feelslike":32,"uv_index":11,"visibility":10,"is_day":"yes"}}
