﻿{"request":{"type":"City","query":"Gaborone, Botswana","language":"en","unit":"m"},"location":{"name":"Gaborone","country":"Botswana","region":"South-East","lat":"-24.646","lon":"25.912","timezone_id":"Africa/Gaborone","localtime":"2024-11-29 06:34","localtime_epoch":1732862040,"utc_offset":"2.0"},"current":{"observation_time":"04:34 AM","temperature":16,"weather_code":113,"weather_icons":["https://cdn.worldweatheronline.com/images/wsymbols01_png_64/wsymbol_0001_sunny.png"],"weather_descriptions":["Sunny"],"wind_speed":9,"wind_degree":78,"wind_dir":"ENE","pressure":1020,"precip":0,"humidity":35,"cloudcover":0,"feelslike":16,"uv_index":0,"visibility":10,"is_day":"yes"}}
