﻿{"request":{"type":"City","query":"Brasilia, Brazil","language":"en","unit":"m"},"location":{"name":"Brasilia","country":"Brazil","region":"Distrito Federal","lat":"-15.783","lon":"-47.917","timezone_id":"America/Sao_Paulo","localtime":"2024-12-01 09:18","localtime_epoch":1733044680,"utc_offset":"-3.0"},"current":{"observation_time":"12:18 PM","temperature":23,"weather_code":113,"weather_icons":["https://cdn.worldweatheronline.com/images/wsymbols01_png_64/wsymbol_0001_sunny.png"],"weather_descriptions":["Sunny"],"wind_speed":9,"wind_degree":338,"wind_dir":"NNW","pressure":1019,"precip":0.9,"humidity":89,"cloudcover":0,"feelslike":25,"uv_index":1,"visibility":10,"is_day":"yes"}}
