﻿{"request":{"type":"City","query":"Brasilia, Brazil","language":"en","unit":"m"},"location":{"name":"Brasilia","country":"Brazil","region":"Distrito Federal","lat":"-15.783","lon":"-47.917","timezone_id":"America/Sao_Paulo","localtime":"2024-11-27 02:21","localtime_epoch":1732674060,"utc_offset":"-3.0"},"current":{"observation_time":"05:21 AM","temperature":22,"weather_code":116,"weather_icons":["https://cdn.worldweatheronline.com/images/wsymbols01_png_64/wsymbol_0004_black_low_cloud.png"],"weather_descriptions":["Partly cloudy"],"wind_speed":5,"wind_degree":65,"wind_dir":"ENE","pressure":1017,"precip":0,"humidity":88,"cloudcover":75,"feelslike":25,"uv_index":0,"visibility":10,"is_day":"no"}}
