﻿{"request":{"type":"City","query":"Sofia, Bulgaria","language":"en","unit":"m"},"location":{"name":"Sofia","country":"Bulgaria","region":"Grad Sofiya","lat":"42.683","lon":"23.317","timezone_id":"Europe/Sofia","localtime":"2024-11-29 06:41","localtime_epoch":1732862460,"utc_offset":"2.0"},"current":{"observation_time":"04:41 AM","temperature":3,"weather_code":143,"weather_icons":["https://cdn.worldweatheronline.com/images/wsymbols01_png_64/wsymbol_0006_mist.png"],"weather_descriptions":["Mist"],"wind_speed":4,"wind_degree":160,"wind_dir":"SSE","pressure":1020,"precip":0,"humidity":93,"cloudcover":50,"feelslike":3,"uv_index":0,"visibility":6,"is_day":"no"}}
