﻿{"request":{"type":"City","query":"Sofia, Bulgaria","language":"en","unit":"m"},"location":{"name":"Sofia","country":"Bulgaria","region":"Grad Sofiya","lat":"42.683","lon":"23.317","timezone_id":"Europe/Sofia","localtime":"2024-12-01 14:03","localtime_epoch":1733061780,"utc_offset":"2.0"},"current":{"observation_time":"12:03 PM","temperature":4,"weather_code":296,"weather_icons":["https://cdn.worldweatheronline.com/images/wsymbols01_png_64/wsymbol_0017_cloudy_with_light_rain.png"],"weather_descriptions":["Light Rain, Drizzle"],"wind_speed":15,"wind_degree":58,"wind_dir":"ENE","pressure":1024,"precip":0.1,"humidity":93,"cloudcover":100,"feelslike":1,"uv_index":0,"visibility":8,"is_day":"yes"}}
