﻿{"request":{"type":"City","query":"Bujumbura, Burundi","language":"en","unit":"m"},"location":{"name":"Bujumbura","country":"Burundi","region":"Bujumbura","lat":"-3.376","lon":"29.360","timezone_id":"Africa/Bujumbura","localtime":"2024-12-01 14:05","localtime_epoch":1733061900,"utc_offset":"2.0"},"current":{"observation_time":"12:05 PM","temperature":28,"weather_code":116,"weather_icons":["https://cdn.worldweatheronline.com/images/wsymbols01_png_64/wsymbol_0002_sunny_intervals.png"],"weather_descriptions":["Partly cloudy"],"wind_speed":14,"wind_degree":192,"wind_dir":"SSW","pressure":1013,"precip":0.6,"humidity":62,"cloudcover":25,"feelslike":32,"uv_index":9,"visibility":10,"is_day":"yes"}}
