﻿{"request":{"type":"City","query":"Bujumbura, Burundi","language":"en","unit":"m"},"location":{"name":"Bujumbura","country":"Burundi","region":"Bujumbura","lat":"-3.376","lon":"29.360","timezone_id":"Africa/Bujumbura","localtime":"2024-11-29 06:33","localtime_epoch":1732861980,"utc_offset":"2.0"},"current":{"observation_time":"04:33 AM","temperature":20,"weather_code":116,"weather_icons":["https://cdn.worldweatheronline.com/images/wsymbols01_png_64/wsymbol_0002_sunny_intervals.png"],"weather_descriptions":["Partly cloudy"],"wind_speed":6,"wind_degree":38,"wind_dir":"NE","pressure":1017,"precip":0.8,"humidity":88,"cloudcover":75,"feelslike":20,"uv_index":0,"visibility":10,"is_day":"yes"}}
