﻿{"request":{"type":"City","query":"Phnum Penh, Cambodia","language":"en","unit":"m"},"location":{"name":"Phnum Penh","country":"Cambodia","region":"Phnum Penh","lat":"11.550","lon":"104.917","timezone_id":"Asia/Phnom_Penh","localtime":"2024-11-29 12:53","localtime_epoch":1732884780,"utc_offset":"7.0"},"current":{"observation_time":"05:53 AM","temperature":30,"weather_code":116,"weather_icons":["https://cdn.worldweatheronline.com/images/wsymbols01_png_64/wsymbol_0002_sunny_intervals.png"],"weather_descriptions":["Partly cloudy"],"wind_speed":28,"wind_degree":42,"wind_dir":"NE","pressure":1010,"precip":0,"humidity":52,"cloudcover":50,"feelslike":32,"uv_index":9,"visibility":10,"is_day":"yes"}}
