﻿{"request":{"type":"City","query":"Phnum Penh, Cambodia","language":"en","unit":"m"},"location":{"name":"Phnum Penh","country":"Cambodia","region":"Phnum Penh","lat":"11.550","lon":"104.917","timezone_id":"Asia/Phnom_Penh","localtime":"2024-12-01 19:31","localtime_epoch":1733081460,"utc_offset":"7.0"},"current":{"observation_time":"12:31 PM","temperature":29,"weather_code":116,"weather_icons":["https://cdn.worldweatheronline.com/images/wsymbols01_png_64/wsymbol_0004_black_low_cloud.png"],"weather_descriptions":["Partly cloudy"],"wind_speed":8,"wind_degree":15,"wind_dir":"NNE","pressure":1007,"precip":0,"humidity":66,"cloudcover":25,"feelslike":33,"uv_index":0,"visibility":9,"is_day":"no"}}
