﻿{"request":{"type":"City","query":"Yaounde, Cameroon","language":"en","unit":"m"},"location":{"name":"Yaounde","country":"Cameroon","region":"Centre","lat":"3.867","lon":"11.517","timezone_id":"Africa/Douala","localtime":"2024-11-29 05:33","localtime_epoch":1732858380,"utc_offset":"1.0"},"current":{"observation_time":"04:33 AM","temperature":19,"weather_code":143,"weather_icons":["https://cdn.worldweatheronline.com/images/wsymbols01_png_64/wsymbol_0006_mist.png"],"weather_descriptions":["Mist"],"wind_speed":4,"wind_degree":48,"wind_dir":"NE","pressure":1016,"precip":0,"humidity":94,"cloudcover":75,"feelslike":19,"uv_index":0,"visibility":3,"is_day":"no"}}
