﻿{"request":{"type":"City","query":"Yaounde, Cameroon","language":"en","unit":"m"},"location":{"name":"Yaounde","country":"Cameroon","region":"Centre","lat":"3.867","lon":"11.517","timezone_id":"Africa/Douala","localtime":"2024-12-01 13:05","localtime_epoch":1733058300,"utc_offset":"1.0"},"current":{"observation_time":"12:05 PM","temperature":33,"weather_code":113,"weather_icons":["https://cdn.worldweatheronline.com/images/wsymbols01_png_64/wsymbol_0001_sunny.png"],"weather_descriptions":["Sunny"],"wind_speed":7,"wind_degree":46,"wind_dir":"NE","pressure":1008,"precip":0,"humidity":25,"cloudcover":4,"feelslike":31,"uv_index":10,"visibility":10,"is_day":"yes"}}
