﻿{"request":{"type":"City","query":"Ottawa, Canada","language":"en","unit":"m"},"location":{"name":"Ottawa","country":"Canada","region":"Ontario","lat":"45.417","lon":"-75.700","timezone_id":"America/Toronto","localtime":"2024-11-29 00:40","localtime_epoch":1732840800,"utc_offset":"-5.0"},"current":{"observation_time":"05:40 AM","temperature":-2,"weather_code":116,"weather_icons":["https://cdn.worldweatheronline.com/images/wsymbols01_png_64/wsymbol_0004_black_low_cloud.png"],"weather_descriptions":["Partly cloudy"],"wind_speed":9,"wind_degree":268,"wind_dir":"W","pressure":1006,"precip":0,"humidity":100,"cloudcover":25,"feelslike":-5,"uv_index":0,"visibility":24,"is_day":"no"}}
