﻿{"request":{"type":"City","query":"Ottawa, Canada","language":"en","unit":"m"},"location":{"name":"Ottawa","country":"Canada","region":"Ontario","lat":"45.417","lon":"-75.700","timezone_id":"America/Toronto","localtime":"2024-12-01 07:17","localtime_epoch":1733037420,"utc_offset":"-5.0"},"current":{"observation_time":"12:17 PM","temperature":-4,"weather_code":122,"weather_icons":["https://cdn.worldweatheronline.com/images/wsymbols01_png_64/wsymbol_0004_black_low_cloud.png"],"weather_descriptions":["Overcast"],"wind_speed":14,"wind_degree":223,"wind_dir":"SW","pressure":1011,"precip":0,"humidity":80,"cloudcover":100,"feelslike":-9,"uv_index":0,"visibility":24,"is_day":"no"}}
