﻿{"request":{"type":"City","query":"N'djamena, Chad","language":"en","unit":"m"},"location":{"name":"N'djamena","country":"Chad","region":"Chari-Baguirmi","lat":"12.113","lon":"15.049","timezone_id":"Africa/Douala","localtime":"2024-11-29 05:33","localtime_epoch":1732858380,"utc_offset":"1.0"},"current":{"observation_time":"04:33 AM","temperature":17,"weather_code":113,"weather_icons":["https://cdn.worldweatheronline.com/images/wsymbols01_png_64/wsymbol_0008_clear_sky_night.png"],"weather_descriptions":["Clear"],"wind_speed":15,"wind_degree":29,"wind_dir":"NNE","pressure":1016,"precip":0,"humidity":34,"cloudcover":0,"feelslike":17,"uv_index":0,"visibility":7,"is_day":"no"}}
