﻿{"request":{"type":"City","query":"N'djamena, Chad","language":"en","unit":"m"},"location":{"name":"N'djamena","country":"Chad","region":"Chari-Baguirmi","lat":"12.113","lon":"15.049","timezone_id":"Africa/Douala","localtime":"2024-12-01 13:05","localtime_epoch":1733058300,"utc_offset":"1.0"},"current":{"observation_time":"12:05 PM","temperature":29,"weather_code":113,"weather_icons":["https://cdn.worldweatheronline.com/images/wsymbols01_png_64/wsymbol_0001_sunny.png"],"weather_descriptions":["Sunny"],"wind_speed":15,"wind_degree":42,"wind_dir":"NE","pressure":1014,"precip":0,"humidity":19,"cloudcover":0,"feelslike":27,"uv_index":8,"visibility":8,"is_day":"yes"}}
