﻿{"request":{"type":"City","query":"Santiago, Chile","language":"en","unit":"m"},"location":{"name":"Santiago","country":"Chile","region":"Region Metropolitana","lat":"-33.450","lon":"-70.667","timezone_id":"America/Santiago","localtime":"2024-12-01 09:32","localtime_epoch":1733045520,"utc_offset":"-3.0"},"current":{"observation_time":"12:32 PM","temperature":12,"weather_code":116,"weather_icons":["https://cdn.worldweatheronline.com/images/wsymbols01_png_64/wsymbol_0002_sunny_intervals.png"],"weather_descriptions":["Partly cloudy"],"wind_speed":6,"wind_degree":238,"wind_dir":"WSW","pressure":1021,"precip":0,"humidity":67,"cloudcover":75,"feelslike":12,"uv_index":2,"visibility":10,"is_day":"yes"}}
