﻿{"request":{"type":"City","query":"Santiago, Chile","language":"en","unit":"m"},"location":{"name":"Santiago","country":"Chile","region":"Region Metropolitana","lat":"-33.450","lon":"-70.667","timezone_id":"America/Santiago","localtime":"2024-11-27 02:10","localtime_epoch":1732673400,"utc_offset":"-3.0"},"current":{"observation_time":"05:10 AM","temperature":14,"weather_code":113,"weather_icons":["https://cdn.worldweatheronline.com/images/wsymbols01_png_64/wsymbol_0008_clear_sky_night.png"],"weather_descriptions":["Clear"],"wind_speed":4,"wind_degree":232,"wind_dir":"SW","pressure":1015,"precip":0,"humidity":55,"cloudcover":0,"feelslike":15,"uv_index":0,"visibility":10,"is_day":"no"}}
