﻿{"request":{"type":"City","query":"Beijing, China","language":"en","unit":"m"},"location":{"name":"Beijing","country":"China","region":"Beijing","lat":"39.929","lon":"116.388","timezone_id":"Asia/Shanghai","localtime":"2024-12-01 20:31","localtime_epoch":1733085060,"utc_offset":"8.0"},"current":{"observation_time":"12:31 PM","temperature":11,"weather_code":113,"weather_icons":["https://cdn.worldweatheronline.com/images/wsymbols01_png_64/wsymbol_0008_clear_sky_night.png"],"weather_descriptions":["Clear"],"wind_speed":23,"wind_degree":325,"wind_dir":"NW","pressure":1012,"precip":0,"humidity":22,"cloudcover":0,"feelslike":9,"uv_index":0,"visibility":10,"is_day":"no"}}
