﻿{"request":{"type":"City","query":"Beijing, China","language":"en","unit":"m"},"location":{"name":"Beijing","country":"China","region":"Beijing","lat":"39.929","lon":"116.388","timezone_id":"Asia/Shanghai","localtime":"2024-11-29 13:40","localtime_epoch":1732887600,"utc_offset":"8.0"},"current":{"observation_time":"05:40 AM","temperature":14,"weather_code":113,"weather_icons":["https://cdn.worldweatheronline.com/images/wsymbols01_png_64/wsymbol_0001_sunny.png"],"weather_descriptions":["Sunny"],"wind_speed":22,"wind_degree":310,"wind_dir":"NW","pressure":1014,"precip":0,"humidity":24,"cloudcover":0,"feelslike":13,"uv_index":1,"visibility":10,"is_day":"yes"}}
