﻿{"request":{"type":"City","query":"Bogota, Colombia","language":"en","unit":"m"},"location":{"name":"Bogota","country":"Colombia","region":"Cundinamarca","lat":"4.600","lon":"-74.083","timezone_id":"America/Bogota","localtime":"2024-11-27 00:21","localtime_epoch":1732666860,"utc_offset":"-5.0"},"current":{"observation_time":"05:21 AM","temperature":9,"weather_code":116,"weather_icons":["https://cdn.worldweatheronline.com/images/wsymbols01_png_64/wsymbol_0004_black_low_cloud.png"],"weather_descriptions":["Partly cloudy"],"wind_speed":4,"wind_degree":55,"wind_dir":"NE","pressure":1028,"precip":0,"humidity":100,"cloudcover":25,"feelslike":9,"uv_index":0,"visibility":10,"is_day":"no"}}
