﻿{"request":{"type":"City","query":"Bogota, Colombia","language":"en","unit":"m"},"location":{"name":"Bogota","country":"Colombia","region":"Cundinamarca","lat":"4.600","lon":"-74.083","timezone_id":"America/Bogota","localtime":"2024-12-01 07:27","localtime_epoch":1733038020,"utc_offset":"-5.0"},"current":{"observation_time":"12:27 PM","temperature":13,"weather_code":116,"weather_icons":["https://cdn.worldweatheronline.com/images/wsymbols01_png_64/wsymbol_0002_sunny_intervals.png"],"weather_descriptions":["Partly cloudy"],"wind_speed":4,"wind_degree":111,"wind_dir":"ESE","pressure":1027,"precip":0,"humidity":88,"cloudcover":25,"feelslike":14,"uv_index":1,"visibility":10,"is_day":"yes"}}
