﻿{"request":{"type":"City","query":"Zagreb, Croatia","language":"en","unit":"m"},"location":{"name":"Zagreb","country":"Croatia","region":"Grad Zagreb","lat":"45.800","lon":"16.000","timezone_id":"Europe/Zagreb","localtime":"2024-12-01 13:08","localtime_epoch":1733058480,"utc_offset":"1.0"},"current":{"observation_time":"12:08 PM","temperature":8,"weather_code":116,"weather_icons":["https://cdn.worldweatheronline.com/images/wsymbols01_png_64/wsymbol_0002_sunny_intervals.png"],"weather_descriptions":["Partly cloudy"],"wind_speed":10,"wind_degree":39,"wind_dir":"NE","pressure":1028,"precip":0,"humidity":71,"cloudcover":75,"feelslike":6,"uv_index":1,"visibility":10,"is_day":"yes"}}
