﻿{"request":{"type":"City","query":"Zagreb, Croatia","language":"en","unit":"m"},"location":{"name":"Zagreb","country":"Croatia","region":"Grad Zagreb","lat":"45.800","lon":"16.000","timezone_id":"Europe/Zagreb","localtime":"2024-11-29 05:54","localtime_epoch":1732859640,"utc_offset":"1.0"},"current":{"observation_time":"04:54 AM","temperature":5,"weather_code":248,"weather_icons":["https://cdn.worldweatheronline.com/images/wsymbols01_png_64/wsymbol_0007_fog.png"],"weather_descriptions":["Fog"],"wind_speed":4,"wind_degree":202,"wind_dir":"SSW","pressure":1026,"precip":0,"humidity":100,"cloudcover":60,"feelslike":5,"uv_index":0,"visibility":0,"is_day":"no"}}
