﻿{"request":{"type":"City","query":"Nicosia, Cyprus","language":"en","unit":"m"},"location":{"name":"Nicosia","country":"Cyprus","region":"Nicosia","lat":"35.167","lon":"33.367","timezone_id":"Asia/Famagusta","localtime":"2024-12-01 14:07","localtime_epoch":1733062020,"utc_offset":"2.0"},"current":{"observation_time":"12:07 PM","temperature":19,"weather_code":116,"weather_icons":["https://cdn.worldweatheronline.com/images/wsymbols01_png_64/wsymbol_0002_sunny_intervals.png"],"weather_descriptions":["Partly cloudy"],"wind_speed":8,"wind_degree":344,"wind_dir":"NNW","pressure":1021,"precip":0,"humidity":49,"cloudcover":25,"feelslike":19,"uv_index":1,"visibility":10,"is_day":"yes"}}
