﻿{"request":{"type":"City","query":"Nicosia, Cyprus","language":"en","unit":"m"},"location":{"name":"Nicosia","country":"Cyprus","region":"Nicosia","lat":"35.167","lon":"33.367","timezone_id":"Asia/Famagusta","localtime":"2024-11-29 06:41","localtime_epoch":1732862460,"utc_offset":"2.0"},"current":{"observation_time":"04:41 AM","temperature":9,"weather_code":116,"weather_icons":["https://cdn.worldweatheronline.com/images/wsymbols01_png_64/wsymbol_0002_sunny_intervals.png"],"weather_descriptions":["Partly cloudy"],"wind_speed":4,"wind_degree":293,"wind_dir":"WNW","pressure":1022,"precip":0,"humidity":81,"cloudcover":25,"feelslike":9,"uv_index":0,"visibility":10,"is_day":"yes"}}
