﻿{"request":{"type":"City","query":"Copenhagen, Denmark","language":"en","unit":"m"},"location":{"name":"Copenhagen","country":"Denmark","region":"Hovedstaden","lat":"55.667","lon":"12.583","timezone_id":"Europe/Copenhagen","localtime":"2024-12-01 13:08","localtime_epoch":1733058480,"utc_offset":"1.0"},"current":{"observation_time":"12:08 PM","temperature":6,"weather_code":113,"weather_icons":["https://cdn.worldweatheronline.com/images/wsymbols01_png_64/wsymbol_0001_sunny.png"],"weather_descriptions":["Sunny"],"wind_speed":18,"wind_degree":186,"wind_dir":"S","pressure":1022,"precip":0,"humidity":87,"cloudcover":0,"feelslike":3,"uv_index":0,"visibility":10,"is_day":"yes"}}
