﻿{"request":{"type":"City","query":"Copenhagen, Denmark","language":"en","unit":"m"},"location":{"name":"Copenhagen","country":"Denmark","region":"Hovedstaden","lat":"55.667","lon":"12.583","timezone_id":"Europe/Copenhagen","localtime":"2024-11-29 05:41","localtime_epoch":1732858860,"utc_offset":"1.0"},"current":{"observation_time":"04:41 AM","temperature":3,"weather_code":122,"weather_icons":["https://cdn.worldweatheronline.com/images/wsymbols01_png_64/wsymbol_0004_black_low_cloud.png"],"weather_descriptions":["Overcast"],"wind_speed":9,"wind_degree":322,"wind_dir":"NW","pressure":1030,"precip":0,"humidity":87,"cloudcover":100,"feelslike":1,"uv_index":0,"visibility":10,"is_day":"no"}}
