﻿{"request":{"type":"City","query":"Djibouti, Djibouti","language":"en","unit":"m"},"location":{"name":"Djibouti","country":"Djibouti","region":"Ali Sabieh","lat":"11.595","lon":"43.148","timezone_id":"Africa/Djibouti","localtime":"2024-11-29 07:33","localtime_epoch":1732865580,"utc_offset":"3.0"},"current":{"observation_time":"04:33 AM","temperature":26,"weather_code":113,"weather_icons":["https://cdn.worldweatheronline.com/images/wsymbols01_png_64/wsymbol_0001_sunny.png"],"weather_descriptions":["Sunny"],"wind_speed":6,"wind_degree":136,"wind_dir":"SE","pressure":1016,"precip":0,"humidity":64,"cloudcover":3,"feelslike":27,"uv_index":0,"visibility":10,"is_day":"yes"}}
