﻿{"request":{"type":"City","query":"Djibouti, Djibouti","language":"en","unit":"m"},"location":{"name":"Djibouti","country":"Djibouti","region":"Ali Sabieh","lat":"11.595","lon":"43.148","timezone_id":"Africa/Djibouti","localtime":"2024-12-01 15:05","localtime_epoch":1733065500,"utc_offset":"3.0"},"current":{"observation_time":"12:05 PM","temperature":28,"weather_code":113,"weather_icons":["https://cdn.worldweatheronline.com/images/wsymbols01_png_64/wsymbol_0001_sunny.png"],"weather_descriptions":["Sunny"],"wind_speed":16,"wind_degree":87,"wind_dir":"E","pressure":1012,"precip":0,"humidity":60,"cloudcover":3,"feelslike":30,"uv_index":4,"visibility":10,"is_day":"yes"}}
