﻿{"request":{"type":"City","query":"Quito, Ecuador","language":"en","unit":"m"},"location":{"name":"Quito","country":"Ecuador","region":"Pichincha","lat":"-0.217","lon":"-78.500","timezone_id":"America/Guayaquil","localtime":"2024-12-01 07:18","localtime_epoch":1733037480,"utc_offset":"-5.0"},"current":{"observation_time":"12:18 PM","temperature":11,"weather_code":113,"weather_icons":["https://cdn.worldweatheronline.com/images/wsymbols01_png_64/wsymbol_0001_sunny.png"],"weather_descriptions":["Sunny"],"wind_speed":6,"wind_degree":149,"wind_dir":"SSE","pressure":1018,"precip":0,"humidity":60,"cloudcover":5,"feelslike":10,"uv_index":0,"visibility":10,"is_day":"yes"}}
