﻿{"request":{"type":"City","query":"Quito, Ecuador","language":"en","unit":"m"},"location":{"name":"Quito","country":"Ecuador","region":"Pichincha","lat":"-0.217","lon":"-78.500","timezone_id":"America/Guayaquil","localtime":"2024-11-27 00:10","localtime_epoch":1732666200,"utc_offset":"-5.0"},"current":{"observation_time":"05:10 AM","temperature":11,"weather_code":176,"weather_icons":["https://cdn.worldweatheronline.com/images/wsymbols01_png_64/wsymbol_0025_light_rain_showers_night.png"],"weather_descriptions":["Patchy rain nearby"],"wind_speed":4,"wind_degree":69,"wind_dir":"ENE","pressure":1017,"precip":0,"humidity":91,"cloudcover":78,"feelslike":11,"uv_index":0,"visibility":10,"is_day":"no"}}
