﻿{"request":{"type":"City","query":"Cairo, Egypt","language":"en","unit":"m"},"location":{"name":"Cairo","country":"Egypt","region":"Al Qahirah","lat":"30.050","lon":"31.250","timezone_id":"Africa/Cairo","localtime":"2024-11-29 06:33","localtime_epoch":1732861980,"utc_offset":"2.0"},"current":{"observation_time":"04:33 AM","temperature":14,"weather_code":143,"weather_icons":["https://cdn.worldweatheronline.com/images/wsymbols01_png_64/wsymbol_0006_mist.png"],"weather_descriptions":["Haze"],"wind_speed":6,"wind_degree":334,"wind_dir":"NNW","pressure":1022,"precip":0,"humidity":77,"cloudcover":0,"feelslike":14,"uv_index":0,"visibility":4,"is_day":"yes"}}
