﻿{"request":{"type":"City","query":"Cairo, Egypt","language":"en","unit":"m"},"location":{"name":"Cairo","country":"Egypt","region":"Al Qahirah","lat":"30.050","lon":"31.250","timezone_id":"Africa/Cairo","localtime":"2024-12-01 14:05","localtime_epoch":1733061900,"utc_offset":"2.0"},"current":{"observation_time":"12:05 PM","temperature":21,"weather_code":113,"weather_icons":["https://cdn.worldweatheronline.com/images/wsymbols01_png_64/wsymbol_0001_sunny.png"],"weather_descriptions":["Sunny"],"wind_speed":19,"wind_degree":39,"wind_dir":"NE","pressure":1019,"precip":0,"humidity":49,"cloudcover":0,"feelslike":21,"uv_index":2,"visibility":10,"is_day":"yes"}}
