﻿{"request":{"type":"City","query":"Asmara, Eritrea","language":"en","unit":"m"},"location":{"name":"Asmara","country":"Eritrea","region":"","lat":"15.333","lon":"38.933","timezone_id":"Africa/Asmara","localtime":"2024-12-01 15:19","localtime_epoch":1733066340,"utc_offset":"3.0"},"current":{"observation_time":"12:19 PM","temperature":16,"weather_code":176,"weather_icons":["https://cdn.worldweatheronline.com/images/wsymbols01_png_64/wsymbol_0009_light_rain_showers.png"],"weather_descriptions":["Patchy rain nearby"],"wind_speed":8,"wind_degree":44,"wind_dir":"NE","pressure":1014,"precip":0.2,"humidity":77,"cloudcover":84,"feelslike":16,"uv_index":2,"visibility":9,"is_day":"yes"}}
