﻿{"request":{"type":"City","query":"Asmara, Eritrea","language":"en","unit":"m"},"location":{"name":"Asmara","country":"Eritrea","region":"","lat":"15.333","lon":"38.933","timezone_id":"Africa/Asmara","localtime":"2024-11-29 07:34","localtime_epoch":1732865640,"utc_offset":"3.0"},"current":{"observation_time":"04:34 AM","temperature":17,"weather_code":116,"weather_icons":["https://cdn.worldweatheronline.com/images/wsymbols01_png_64/wsymbol_0002_sunny_intervals.png"],"weather_descriptions":["Partly Cloudy "],"wind_speed":5,"wind_degree":69,"wind_dir":"ENE","pressure":1020,"precip":0,"humidity":90,"cloudcover":44,"feelslike":17,"uv_index":0,"visibility":10,"is_day":"yes"}}
