﻿{"request":{"type":"City","query":"Tallinn, Estonia","language":"en","unit":"m"},"location":{"name":"Tallinn","country":"Estonia","region":"Harjumaa","lat":"59.434","lon":"24.728","timezone_id":"Europe/Tallinn","localtime":"2024-11-29 06:41","localtime_epoch":1732862460,"utc_offset":"2.0"},"current":{"observation_time":"04:41 AM","temperature":4,"weather_code":122,"weather_icons":["https://cdn.worldweatheronline.com/images/wsymbols01_png_64/wsymbol_0004_black_low_cloud.png"],"weather_descriptions":["Overcast"],"wind_speed":8,"wind_degree":330,"wind_dir":"NNW","pressure":1022,"precip":0,"humidity":81,"cloudcover":100,"feelslike":2,"uv_index":0,"visibility":10,"is_day":"no"}}
