﻿{"request":{"type":"City","query":"Tallinn, Estonia","language":"en","unit":"m"},"location":{"name":"Tallinn","country":"Estonia","region":"Harjumaa","lat":"59.434","lon":"24.728","timezone_id":"Europe/Tallinn","localtime":"2024-12-01 14:08","localtime_epoch":1733062080,"utc_offset":"2.0"},"current":{"observation_time":"12:08 PM","temperature":6,"weather_code":143,"weather_icons":["https://cdn.worldweatheronline.com/images/wsymbols01_png_64/wsymbol_0006_mist.png"],"weather_descriptions":["Mist"],"wind_speed":24,"wind_degree":228,"wind_dir":"SW","pressure":1019,"precip":0,"humidity":93,"cloudcover":100,"feelslike":2,"uv_index":0,"visibility":5,"is_day":"yes"}}
