﻿{"request":{"type":"City","query":"Addis Abeba, Ethiopia","language":"en","unit":"m"},"location":{"name":"Addis Abeba","country":"Ethiopia","region":"","lat":"9.033","lon":"38.700","timezone_id":"Africa/Addis_Ababa","localtime":"2024-12-01 15:05","localtime_epoch":1733065500,"utc_offset":"3.0"},"current":{"observation_time":"12:05 PM","temperature":22,"weather_code":116,"weather_icons":["https://cdn.worldweatheronline.com/images/wsymbols01_png_64/wsymbol_0002_sunny_intervals.png"],"weather_descriptions":["Partly cloudy"],"wind_speed":9,"wind_degree":143,"wind_dir":"SE","pressure":1025,"precip":0,"humidity":29,"cloudcover":25,"feelslike":24,"uv_index":3,"visibility":10,"is_day":"yes"}}
