﻿{"request":{"type":"City","query":"Addis Abeba, Ethiopia","language":"en","unit":"m"},"location":{"name":"Addis Abeba","country":"Ethiopia","region":"","lat":"9.033","lon":"38.700","timezone_id":"Africa/Addis_Ababa","localtime":"2024-11-29 07:21","localtime_epoch":1732864860,"utc_offset":"3.0"},"current":{"observation_time":"04:21 AM","temperature":11,"weather_code":116,"weather_icons":["https://cdn.worldweatheronline.com/images/wsymbols01_png_64/wsymbol_0002_sunny_intervals.png"],"weather_descriptions":["Partly cloudy"],"wind_speed":4,"wind_degree":87,"wind_dir":"E","pressure":1029,"precip":0,"humidity":82,"cloudcover":25,"feelslike":12,"uv_index":0,"visibility":10,"is_day":"yes"}}
