﻿{"request":{"type":"City","query":"Ahau, Fiji Islands","language":"en","unit":"m"},"location":{"name":"Ahau","country":"Fiji Islands","region":"","lat":"-12.500","lon":"177.050","timezone_id":"Pacific/Fiji","localtime":"2024-11-29 16:57","localtime_epoch":1732899420,"utc_offset":"12.0"},"current":{"observation_time":"04:57 AM","temperature":28,"weather_code":176,"weather_icons":["https://cdn.worldweatheronline.com/images/wsymbols01_png_64/wsymbol_0009_light_rain_showers.png"],"weather_descriptions":["Patchy rain nearby"],"wind_speed":16,"wind_degree":74,"wind_dir":"ENE","pressure":1006,"precip":0.1,"humidity":78,"cloudcover":61,"feelslike":32,"uv_index":3,"visibility":10,"is_day":"yes"}}
