﻿{"request":{"type":"City","query":"Ahau, Fiji Islands","language":"en","unit":"m"},"location":{"name":"Ahau","country":"Fiji Islands","region":"","lat":"-12.500","lon":"177.050","timezone_id":"Pacific/Fiji","localtime":"2024-12-02 00:26","localtime_epoch":1733099160,"utc_offset":"12.0"},"current":{"observation_time":"12:26 PM","temperature":28,"weather_code":113,"weather_icons":["https://cdn.worldweatheronline.com/images/wsymbols01_png_64/wsymbol_0008_clear_sky_night.png"],"weather_descriptions":["Clear "],"wind_speed":9,"wind_degree":351,"wind_dir":"N","pressure":1008,"precip":0,"humidity":75,"cloudcover":21,"feelslike":31,"uv_index":0,"visibility":10,"is_day":"no"}}
