﻿{"request":{"type":"City","query":"Helsinki, Finland","language":"en","unit":"m"},"location":{"name":"Helsinki","country":"Finland","region":"Southern Finland","lat":"60.176","lon":"24.934","timezone_id":"Europe/Helsinki","localtime":"2024-12-01 14:08","localtime_epoch":1733062080,"utc_offset":"2.0"},"current":{"observation_time":"12:08 PM","temperature":6,"weather_code":296,"weather_icons":["https://cdn.worldweatheronline.com/images/wsymbols01_png_64/wsymbol_0017_cloudy_with_light_rain.png"],"weather_descriptions":["Light Drizzle"],"wind_speed":24,"wind_degree":239,"wind_dir":"WSW","pressure":1016,"precip":0,"humidity":93,"cloudcover":75,"feelslike":2,"uv_index":0,"visibility":10,"is_day":"yes"}}
