﻿{"request":{"type":"City","query":"Helsinki, Finland","language":"en","unit":"m"},"location":{"name":"Helsinki","country":"Finland","region":"Southern Finland","lat":"60.176","lon":"24.934","timezone_id":"Europe/Helsinki","localtime":"2024-11-29 06:41","localtime_epoch":1732862460,"utc_offset":"2.0"},"current":{"observation_time":"04:41 AM","temperature":2,"weather_code":116,"weather_icons":["https://cdn.worldweatheronline.com/images/wsymbols01_png_64/wsymbol_0004_black_low_cloud.png"],"weather_descriptions":["Partly cloudy"],"wind_speed":9,"wind_degree":328,"wind_dir":"NNW","pressure":1022,"precip":0,"humidity":87,"cloudcover":75,"feelslike":-1,"uv_index":0,"visibility":10,"is_day":"no"}}
