﻿{"request":{"type":"City","query":"Paris, France","language":"en","unit":"m"},"location":{"name":"Paris","country":"France","region":"Ile-de-France","lat":"48.867","lon":"2.333","timezone_id":"Europe/Paris","localtime":"2024-12-01 12:53","localtime_epoch":1733057580,"utc_offset":"1.0"},"current":{"observation_time":"11:53 AM","temperature":9,"weather_code":116,"weather_icons":["https://cdn.worldweatheronline.com/images/wsymbols01_png_64/wsymbol_0002_sunny_intervals.png"],"weather_descriptions":["Partly Cloudy "],"wind_speed":13,"wind_degree":170,"wind_dir":"S","pressure":1020,"precip":0,"humidity":72,"cloudcover":45,"feelslike":7,"uv_index":0,"visibility":10,"is_day":"yes"}}
