﻿{"request":{"type":"City","query":"Paris, France","language":"en","unit":"m"},"location":{"name":"Paris","country":"France","region":"Ile-de-France","lat":"48.867","lon":"2.333","timezone_id":"Europe/Paris","localtime":"2024-11-29 05:29","localtime_epoch":1732858140,"utc_offset":"1.0"},"current":{"observation_time":"04:29 AM","temperature":1,"weather_code":143,"weather_icons":["https://cdn.worldweatheronline.com/images/wsymbols01_png_64/wsymbol_0006_mist.png"],"weather_descriptions":["Mist"],"wind_speed":9,"wind_degree":110,"wind_dir":"ESE","pressure":1030,"precip":0,"humidity":100,"cloudcover":75,"feelslike":-2,"uv_index":0,"visibility":8,"is_day":"no"}}
