﻿{"request":{"type":"City","query":"Libreville, Gabon","language":"en","unit":"m"},"location":{"name":"Libreville","country":"Gabon","region":"Estuaire","lat":"0.383","lon":"9.450","timezone_id":"Africa/Libreville","localtime":"2024-12-01 13:05","localtime_epoch":1733058300,"utc_offset":"1.0"},"current":{"observation_time":"12:05 PM","temperature":29,"weather_code":116,"weather_icons":["https://cdn.worldweatheronline.com/images/wsymbols01_png_64/wsymbol_0002_sunny_intervals.png"],"weather_descriptions":["Partly cloudy"],"wind_speed":13,"wind_degree":269,"wind_dir":"W","pressure":1010,"precip":0.8,"humidity":84,"cloudcover":50,"feelslike":34,"uv_index":10,"visibility":8,"is_day":"yes"}}
