﻿{"request":{"type":"City","query":"Libreville, Gabon","language":"en","unit":"m"},"location":{"name":"Libreville","country":"Gabon","region":"Estuaire","lat":"0.383","lon":"9.450","timezone_id":"Africa/Libreville","localtime":"2024-11-29 05:34","localtime_epoch":1732858440,"utc_offset":"1.0"},"current":{"observation_time":"04:34 AM","temperature":26,"weather_code":389,"weather_icons":["https://cdn.worldweatheronline.com/images/wsymbols01_png_64/wsymbol_0040_thunderstorms_night.png"],"weather_descriptions":["Thunderstorm, Rain With Thunderstorm"],"wind_speed":4,"wind_degree":189,"wind_dir":"S","pressure":1012,"precip":0,"humidity":94,"cloudcover":75,"feelslike":29,"uv_index":0,"visibility":8,"is_day":"no"}}
