﻿{"request":{"type":"City","query":"Tbilisi, Georgia","language":"en","unit":"m"},"location":{"name":"Tbilisi","country":"Georgia","region":"Dushet'is Raioni","lat":"41.725","lon":"44.791","timezone_id":"Asia/Tbilisi","localtime":"2024-12-01 16:17","localtime_epoch":1733069820,"utc_offset":"4.0"},"current":{"observation_time":"12:17 PM","temperature":7,"weather_code":122,"weather_icons":["https://cdn.worldweatheronline.com/images/wsymbols01_png_64/wsymbol_0004_black_low_cloud.png"],"weather_descriptions":["Overcast"],"wind_speed":7,"wind_degree":143,"wind_dir":"SE","pressure":1028,"precip":0,"humidity":81,"cloudcover":100,"feelslike":6,"uv_index":0,"visibility":9,"is_day":"yes"}}
