﻿{"request":{"type":"City","query":"Tbilisi, Georgia","language":"en","unit":"m"},"location":{"name":"Tbilisi","country":"Georgia","region":"Dushet'is Raioni","lat":"41.725","lon":"44.791","timezone_id":"Asia/Tbilisi","localtime":"2024-11-29 09:53","localtime_epoch":1732873980,"utc_offset":"4.0"},"current":{"observation_time":"05:53 AM","temperature":7,"weather_code":113,"weather_icons":["https://cdn.worldweatheronline.com/images/wsymbols01_png_64/wsymbol_0001_sunny.png"],"weather_descriptions":["Sunny"],"wind_speed":17,"wind_degree":320,"wind_dir":"NW","pressure":1023,"precip":0,"humidity":61,"cloudcover":0,"feelslike":4,"uv_index":0,"visibility":10,"is_day":"yes"}}
