﻿{"request":{"type":"City","query":"Berlin, Germany","language":"en","unit":"m"},"location":{"name":"Berlin","country":"Germany","region":"Berlin","lat":"52.517","lon":"13.400","timezone_id":"Europe/Berlin","localtime":"2024-12-01 12:53","localtime_epoch":1733057580,"utc_offset":"1.0"},"current":{"observation_time":"11:53 AM","temperature":4,"weather_code":113,"weather_icons":["https://cdn.worldweatheronline.com/images/wsymbols01_png_64/wsymbol_0001_sunny.png"],"weather_descriptions":["Sunny"],"wind_speed":10,"wind_degree":170,"wind_dir":"S","pressure":1025,"precip":0,"humidity":75,"cloudcover":0,"feelslike":1,"uv_index":1,"visibility":10,"is_day":"yes"}}
