﻿{"request":{"type":"City","query":"Berlin, Germany","language":"en","unit":"m"},"location":{"name":"Berlin","country":"Germany","region":"Berlin","lat":"52.517","lon":"13.400","timezone_id":"Europe/Berlin","localtime":"2024-11-29 05:41","localtime_epoch":1732858860,"utc_offset":"1.0"},"current":{"observation_time":"04:41 AM","temperature":4,"weather_code":113,"weather_icons":["https://cdn.worldweatheronline.com/images/wsymbols01_png_64/wsymbol_0008_clear_sky_night.png"],"weather_descriptions":["Clear"],"wind_speed":15,"wind_degree":328,"wind_dir":"NNW","pressure":1029,"precip":0,"humidity":87,"cloudcover":0,"feelslike":1,"uv_index":0,"visibility":10,"is_day":"no"}}
