﻿{"request":{"type":"City","query":"Accra, Ghana","language":"en","unit":"m"},"location":{"name":"Accra","country":"Ghana","region":"Greater Accra","lat":"5.550","lon":"-0.217","timezone_id":"Africa/Accra","localtime":"2024-12-01 11:51","localtime_epoch":1733053860,"utc_offset":"0.0"},"current":{"observation_time":"11:51 AM","temperature":33,"weather_code":143,"weather_icons":["https://cdn.worldweatheronline.com/images/wsymbols01_png_64/wsymbol_0006_mist.png"],"weather_descriptions":["Haze"],"wind_speed":10,"wind_degree":124,"wind_dir":"ESE","pressure":1012,"precip":0,"humidity":44,"cloudcover":0,"feelslike":35,"uv_index":8,"visibility":2,"is_day":"yes"}}
