﻿{"request":{"type":"City","query":"Accra, Ghana","language":"en","unit":"m"},"location":{"name":"Accra","country":"Ghana","region":"Greater Accra","lat":"5.550","lon":"-0.217","timezone_id":"Africa/Accra","localtime":"2024-11-29 04:21","localtime_epoch":1732854060,"utc_offset":"0.0"},"current":{"observation_time":"04:21 AM","temperature":26,"weather_code":113,"weather_icons":["https://cdn.worldweatheronline.com/images/wsymbols01_png_64/wsymbol_0008_clear_sky_night.png"],"weather_descriptions":["Clear"],"wind_speed":6,"wind_degree":191,"wind_dir":"S","pressure":1012,"precip":0,"humidity":89,"cloudcover":0,"feelslike":28,"uv_index":0,"visibility":10,"is_day":"no"}}
