﻿{"request":{"type":"City","query":"Gibraltar, Gibraltar","language":"en","unit":"m"},"location":{"name":"Gibraltar","country":"Gibraltar","region":"","lat":"36.133","lon":"-5.350","timezone_id":"Europe/Gibraltar","localtime":"2024-12-01 12:53","localtime_epoch":1733057580,"utc_offset":"1.0"},"current":{"observation_time":"11:53 AM","temperature":19,"weather_code":116,"weather_icons":["https://cdn.worldweatheronline.com/images/wsymbols01_png_64/wsymbol_0002_sunny_intervals.png"],"weather_descriptions":["Partly cloudy"],"wind_speed":18,"wind_degree":82,"wind_dir":"E","pressure":1025,"precip":0,"humidity":78,"cloudcover":75,"feelslike":19,"uv_index":1,"visibility":9,"is_day":"yes"}}
