﻿{"request":{"type":"City","query":"Gibraltar, Gibraltar","language":"en","unit":"m"},"location":{"name":"Gibraltar","country":"Gibraltar","region":"","lat":"36.133","lon":"-5.350","timezone_id":"Europe/Gibraltar","localtime":"2024-11-29 05:29","localtime_epoch":1732858140,"utc_offset":"1.0"},"current":{"observation_time":"04:29 AM","temperature":18,"weather_code":122,"weather_icons":["https://cdn.worldweatheronline.com/images/wsymbols01_png_64/wsymbol_0004_black_low_cloud.png"],"weather_descriptions":["Overcast"],"wind_speed":12,"wind_degree":82,"wind_dir":"E","pressure":1026,"precip":0,"humidity":88,"cloudcover":100,"feelslike":18,"uv_index":0,"visibility":10,"is_day":"no"}}
