﻿{"request":{"type":"City","query":"Nuuk, Greenland","language":"en","unit":"m"},"location":{"name":"Nuuk","country":"Greenland","region":"Vestgronland","lat":"64.183","lon":"-51.750","timezone_id":"America/Nuuk","localtime":"2024-11-29 03:40","localtime_epoch":1732851600,"utc_offset":"-2.0"},"current":{"observation_time":"05:40 AM","temperature":-5,"weather_code":122,"weather_icons":["https://cdn.worldweatheronline.com/images/wsymbols01_png_64/wsymbol_0004_black_low_cloud.png"],"weather_descriptions":["Overcast "],"wind_speed":9,"wind_degree":79,"wind_dir":"E","pressure":1025,"precip":0,"humidity":84,"cloudcover":100,"feelslike":-9,"uv_index":0,"visibility":10,"is_day":"no"}}
