﻿{"request":{"type":"City","query":"Nuuk, Greenland","language":"en","unit":"m"},"location":{"name":"Nuuk","country":"Greenland","region":"Vestgronland","lat":"64.183","lon":"-51.750","timezone_id":"America/Nuuk","localtime":"2024-12-01 10:17","localtime_epoch":1733048220,"utc_offset":"-2.0"},"current":{"observation_time":"12:17 PM","temperature":-5,"weather_code":332,"weather_icons":["https://cdn.worldweatheronline.com/images/wsymbols01_png_64/wsymbol_0020_cloudy_with_heavy_snow.png"],"weather_descriptions":["Moderate snow"],"wind_speed":19,"wind_degree":58,"wind_dir":"ENE","pressure":1009,"precip":0.1,"humidity":70,"cloudcover":100,"feelslike":-11,"uv_index":0,"visibility":5,"is_day":"no"}}
