﻿{"request":{"type":"City","query":"Athens, Greece","language":"en","unit":"m"},"location":{"name":"Athens","country":"Greece","region":"Attica","lat":"37.980","lon":"23.716","timezone_id":"Europe/Athens","localtime":"2024-11-29 06:41","localtime_epoch":1732862460,"utc_offset":"2.0"},"current":{"observation_time":"04:41 AM","temperature":10,"weather_code":116,"weather_icons":["https://cdn.worldweatheronline.com/images/wsymbols01_png_64/wsymbol_0004_black_low_cloud.png"],"weather_descriptions":["Partly cloudy"],"wind_speed":4,"wind_degree":56,"wind_dir":"NE","pressure":1022,"precip":0,"humidity":94,"cloudcover":50,"feelslike":10,"uv_index":0,"visibility":9,"is_day":"no"}}
