﻿{"request":{"type":"City","query":"Athens, Greece","language":"en","unit":"m"},"location":{"name":"Athens","country":"Greece","region":"Attica","lat":"37.980","lon":"23.716","timezone_id":"Europe/Athens","localtime":"2024-12-01 14:08","localtime_epoch":1733062080,"utc_offset":"2.0"},"current":{"observation_time":"12:08 PM","temperature":17,"weather_code":116,"weather_icons":["https://cdn.worldweatheronline.com/images/wsymbols01_png_64/wsymbol_0002_sunny_intervals.png"],"weather_descriptions":["Partly cloudy"],"wind_speed":22,"wind_degree":198,"wind_dir":"SSW","pressure":1012,"precip":0,"humidity":45,"cloudcover":25,"feelslike":17,"uv_index":1,"visibility":10,"is_day":"yes"}}
