﻿{"request":{"type":"City","query":"Guamuchil, Mexico","language":"en","unit":"m"},"location":{"name":"Guamuchil","country":"Mexico","region":"Sinaloa","lat":"25.460","lon":"-108.075","timezone_id":"America/Mazatlan","localtime":"2024-12-01 05:13","localtime_epoch":1733029980,"utc_offset":"-7.0"},"current":{"observation_time":"12:13 PM","temperature":15,"weather_code":119,"weather_icons":["https://cdn.worldweatheronline.com/images/wsymbols01_png_64/wsymbol_0004_black_low_cloud.png"],"weather_descriptions":["Cloudy "],"wind_speed":4,"wind_degree":22,"wind_dir":"NNE","pressure":1015,"precip":0,"humidity":83,"cloudcover":78,"feelslike":15,"uv_index":0,"visibility":10,"is_day":"no"}}
