﻿{"request":{"type":"City","query":"Guamuchil, Mexico","language":"en","unit":"m"},"location":{"name":"Guamuchil","country":"Mexico","region":"Sinaloa","lat":"25.460","lon":"-108.075","timezone_id":"America/Mazatlan","localtime":"2024-11-28 22:01","localtime_epoch":1732831260,"utc_offset":"-7.0"},"current":{"observation_time":"05:01 AM","temperature":20,"weather_code":113,"weather_icons":["https://cdn.worldweatheronline.com/images/wsymbols01_png_64/wsymbol_0008_clear_sky_night.png"],"weather_descriptions":["Clear "],"wind_speed":4,"wind_degree":83,"wind_dir":"E","pressure":1012,"precip":0,"humidity":78,"cloudcover":10,"feelslike":20,"uv_index":0,"visibility":10,"is_day":"no"}}
