﻿{"request":{"type":"City","query":"Guernsey, United Kingdom","language":"en","unit":"m"},"location":{"name":"Guernsey","country":"United Kingdom","region":"","lat":"49.450","lon":"-2.550","timezone_id":"Europe/Guernsey","localtime":"2024-11-29 04:29","localtime_epoch":1732854540,"utc_offset":"0.0"},"current":{"observation_time":"04:29 AM","temperature":10,"weather_code":293,"weather_icons":["https://cdn.worldweatheronline.com/images/wsymbols01_png_64/wsymbol_0033_cloudy_with_light_rain_night.png"],"weather_descriptions":["Light Drizzle, Patches Of Fog, Mist"],"wind_speed":41,"wind_degree":144,"wind_dir":"SE","pressure":1023,"precip":0,"humidity":94,"cloudcover":75,"feelslike":6,"uv_index":0,"visibility":1,"is_day":"no"}}
