﻿{"request":{"type":"City","query":"Guernsey, United Kingdom","language":"en","unit":"m"},"location":{"name":"Guernsey","country":"United Kingdom","region":"","lat":"49.450","lon":"-2.550","timezone_id":"Europe/Guernsey","localtime":"2024-12-01 12:08","localtime_epoch":1733054880,"utc_offset":"0.0"},"current":{"observation_time":"12:08 PM","temperature":14,"weather_code":116,"weather_icons":["https://cdn.worldweatheronline.com/images/wsymbols01_png_64/wsymbol_0002_sunny_intervals.png"],"weather_descriptions":["Partly cloudy"],"wind_speed":35,"wind_degree":229,"wind_dir":"SW","pressure":1015,"precip":0,"humidity":94,"cloudcover":75,"feelslike":12,"uv_index":1,"visibility":10,"is_day":"yes"}}
