﻿{"request":{"type":"City","query":"Conakry, Guinea","language":"en","unit":"m"},"location":{"name":"Conakry","country":"Guinea","region":"Conakry","lat":"9.509","lon":"-13.712","timezone_id":"Africa/Conakry","localtime":"2024-11-29 04:34","localtime_epoch":1732854840,"utc_offset":"0.0"},"current":{"observation_time":"04:34 AM","temperature":26,"weather_code":113,"weather_icons":["https://cdn.worldweatheronline.com/images/wsymbols01_png_64/wsymbol_0008_clear_sky_night.png"],"weather_descriptions":["Clear "],"wind_speed":11,"wind_degree":352,"wind_dir":"N","pressure":1011,"precip":0,"humidity":79,"cloudcover":0,"feelslike":28,"uv_index":0,"visibility":10,"is_day":"no"}}
