﻿{"request":{"type":"City","query":"Conakry, Guinea","language":"en","unit":"m"},"location":{"name":"Conakry","country":"Guinea","region":"Conakry","lat":"9.509","lon":"-13.712","timezone_id":"Africa/Conakry","localtime":"2024-12-01 12:05","localtime_epoch":1733054700,"utc_offset":"0.0"},"current":{"observation_time":"12:05 PM","temperature":27,"weather_code":143,"weather_icons":["https://cdn.worldweatheronline.com/images/wsymbols01_png_64/wsymbol_0006_mist.png"],"weather_descriptions":["Mist"],"wind_speed":9,"wind_degree":166,"wind_dir":"SSE","pressure":1013,"precip":0,"humidity":66,"cloudcover":0,"feelslike":29,"uv_index":8,"visibility":4,"is_day":"yes"}}
