﻿{"request":{"type":"City","query":"Georgetown, Guyana","language":"en","unit":"m"},"location":{"name":"Georgetown","country":"Guyana","region":"Demerara-Mahaica","lat":"6.800","lon":"-58.167","timezone_id":"America/Guyana","localtime":"2024-11-27 01:21","localtime_epoch":1732670460,"utc_offset":"-4.0"},"current":{"observation_time":"05:21 AM","temperature":25,"weather_code":116,"weather_icons":["https://cdn.worldweatheronline.com/images/wsymbols01_png_64/wsymbol_0004_black_low_cloud.png"],"weather_descriptions":["Partly cloudy"],"wind_speed":12,"wind_degree":87,"wind_dir":"E","pressure":1010,"precip":0,"humidity":94,"cloudcover":50,"feelslike":28,"uv_index":0,"visibility":10,"is_day":"no"}}
