﻿{"request":{"type":"City","query":"Georgetown, Guyana","language":"en","unit":"m"},"location":{"name":"Georgetown","country":"Guyana","region":"Demerara-Mahaica","lat":"6.800","lon":"-58.167","timezone_id":"America/Guyana","localtime":"2024-12-01 08:18","localtime_epoch":1733041080,"utc_offset":"-4.0"},"current":{"observation_time":"12:18 PM","temperature":27,"weather_code":296,"weather_icons":["https://cdn.worldweatheronline.com/images/wsymbols01_png_64/wsymbol_0017_cloudy_with_light_rain.png"],"weather_descriptions":["Light Rain Shower"],"wind_speed":13,"wind_degree":76,"wind_dir":"ENE","pressure":1013,"precip":0.7,"humidity":89,"cloudcover":50,"feelslike":31,"uv_index":2,"visibility":10,"is_day":"yes"}}
