﻿{"request":{"type":"City","query":"Budapest, Hungary","language":"en","unit":"m"},"location":{"name":"Budapest","country":"Hungary","region":"Budapest","lat":"47.500","lon":"19.083","timezone_id":"Europe/Budapest","localtime":"2024-12-01 13:22","localtime_epoch":1733059320,"utc_offset":"1.0"},"current":{"observation_time":"12:22 PM","temperature":9,"weather_code":113,"weather_icons":["https://cdn.worldweatheronline.com/images/wsymbols01_png_64/wsymbol_0001_sunny.png"],"weather_descriptions":["Sunny"],"wind_speed":4,"wind_degree":358,"wind_dir":"N","pressure":1028,"precip":0,"humidity":62,"cloudcover":0,"feelslike":9,"uv_index":1,"visibility":10,"is_day":"yes"}}
