﻿{"request":{"type":"City","query":"Budapest, Hungary","language":"en","unit":"m"},"location":{"name":"Budapest","country":"Hungary","region":"Budapest","lat":"47.500","lon":"19.083","timezone_id":"Europe/Budapest","localtime":"2024-11-29 05:29","localtime_epoch":1732858140,"utc_offset":"1.0"},"current":{"observation_time":"04:29 AM","temperature":6,"weather_code":116,"weather_icons":["https://cdn.worldweatheronline.com/images/wsymbols01_png_64/wsymbol_0004_black_low_cloud.png"],"weather_descriptions":["Partly cloudy"],"wind_speed":21,"wind_degree":297,"wind_dir":"WNW","pressure":1021,"precip":0,"humidity":75,"cloudcover":75,"feelslike":2,"uv_index":0,"visibility":10,"is_day":"no"}}
