﻿{"request":{"type":"City","query":"Reykjavik, Iceland","language":"en","unit":"m"},"location":{"name":"Reykjavik","country":"Iceland","region":"Gullbringusysla","lat":"64.150","lon":"-21.950","timezone_id":"Atlantic/Reykjavik","localtime":"2024-11-29 04:54","localtime_epoch":1732856040,"utc_offset":"0.0"},"current":{"observation_time":"04:54 AM","temperature":-7,"weather_code":113,"weather_icons":["https://cdn.worldweatheronline.com/images/wsymbols01_png_64/wsymbol_0008_clear_sky_night.png"],"weather_descriptions":["Clear"],"wind_speed":10,"wind_degree":70,"wind_dir":"ENE","pressure":1018,"precip":0,"humidity":41,"cloudcover":0,"feelslike":-12,"uv_index":0,"visibility":10,"is_day":"no"}}
