﻿{"request":{"type":"City","query":"Reykjavik, Iceland","language":"en","unit":"m"},"location":{"name":"Reykjavik","country":"Iceland","region":"Gullbringusysla","lat":"64.150","lon":"-21.950","timezone_id":"Atlantic/Reykjavik","localtime":"2024-12-01 12:07","localtime_epoch":1733054820,"utc_offset":"0.0"},"current":{"observation_time":"12:07 PM","temperature":-5,"weather_code":116,"weather_icons":["https://cdn.worldweatheronline.com/images/wsymbols01_png_64/wsymbol_0002_sunny_intervals.png"],"weather_descriptions":["Partly cloudy"],"wind_speed":25,"wind_degree":14,"wind_dir":"NNE","pressure":1020,"precip":0,"humidity":49,"cloudcover":25,"feelslike":-12,"uv_index":0,"visibility":10,"is_day":"yes"}}
