﻿{"request":{"type":"City","query":"New Delhi, India","language":"en","unit":"m"},"location":{"name":"New Delhi","country":"India","region":"Delhi","lat":"28.600","lon":"77.200","timezone_id":"Asia/Kolkata","localtime":"2024-12-01 18:01","localtime_epoch":1733076060,"utc_offset":"5.50"},"current":{"observation_time":"12:31 PM","temperature":22,"weather_code":143,"weather_icons":["https://cdn.worldweatheronline.com/images/wsymbols01_png_64/wsymbol_0006_mist.png"],"weather_descriptions":["Haze"],"wind_speed":6,"wind_degree":328,"wind_dir":"NNW","pressure":1011,"precip":0,"humidity":46,"cloudcover":0,"feelslike":22,"uv_index":0,"visibility":4,"is_day":"no"}}
