﻿{"request":{"type":"City","query":"New Delhi, India","language":"en","unit":"m"},"location":{"name":"New Delhi","country":"India","region":"Delhi","lat":"28.600","lon":"77.200","timezone_id":"Asia/Kolkata","localtime":"2024-11-29 11:35","localtime_epoch":1732880100,"utc_offset":"5.50"},"current":{"observation_time":"06:05 AM","temperature":21,"weather_code":122,"weather_icons":["https://cdn.worldweatheronline.com/images/wsymbols01_png_64/wsymbol_0004_black_low_cloud.png"],"weather_descriptions":["Smoke"],"wind_speed":4,"wind_degree":45,"wind_dir":"NE","pressure":1019,"precip":0,"humidity":60,"cloudcover":0,"feelslike":21,"uv_index":4,"visibility":1,"is_day":"yes"}}
