﻿{"request":{"type":"City","query":"Jakarta, Indonesia","language":"en","unit":"m"},"location":{"name":"Jakarta","country":"Indonesia","region":"Jakarta Raya","lat":"-6.215","lon":"106.845","timezone_id":"Asia/Jakarta","localtime":"2024-12-01 19:31","localtime_epoch":1733081460,"utc_offset":"7.0"},"current":{"observation_time":"12:31 PM","temperature":28,"weather_code":116,"weather_icons":["https://cdn.worldweatheronline.com/images/wsymbols01_png_64/wsymbol_0004_black_low_cloud.png"],"weather_descriptions":["Partly cloudy"],"wind_speed":18,"wind_degree":233,"wind_dir":"SW","pressure":1007,"precip":0.1,"humidity":74,"cloudcover":25,"feelslike":30,"uv_index":0,"visibility":10,"is_day":"no"}}
