﻿{"request":{"type":"City","query":"Jakarta, Indonesia","language":"en","unit":"m"},"location":{"name":"Jakarta","country":"Indonesia","region":"Jakarta Raya","lat":"-6.215","lon":"106.845","timezone_id":"Asia/Jakarta","localtime":"2024-11-29 12:53","localtime_epoch":1732884780,"utc_offset":"7.0"},"current":{"observation_time":"05:53 AM","temperature":29,"weather_code":116,"weather_icons":["https://cdn.worldweatheronline.com/images/wsymbols01_png_64/wsymbol_0002_sunny_intervals.png"],"weather_descriptions":["Partly Cloudy "],"wind_speed":10,"wind_degree":248,"wind_dir":"WSW","pressure":1008,"precip":0,"humidity":62,"cloudcover":44,"feelslike":31,"uv_index":5,"visibility":10,"is_day":"yes"}}
