﻿{"request":{"type":"City","query":"Dublin, Ireland","language":"en","unit":"m"},"location":{"name":"Dublin","country":"Ireland","region":"Dublin","lat":"53.333","lon":"-6.249","timezone_id":"Europe/Dublin","localtime":"2024-11-29 04:37","localtime_epoch":1732855020,"utc_offset":"0.0"},"current":{"observation_time":"04:37 AM","temperature":12,"weather_code":296,"weather_icons":["https://cdn.worldweatheronline.com/images/wsymbols01_png_64/wsymbol_0033_cloudy_with_light_rain_night.png"],"weather_descriptions":["Light Drizzle"],"wind_speed":22,"wind_degree":162,"wind_dir":"SSE","pressure":1017,"precip":0,"humidity":88,"cloudcover":75,"feelslike":10,"uv_index":0,"visibility":6,"is_day":"no"}}
