﻿{"request":{"type":"City","query":"Dublin, Ireland","language":"en","unit":"m"},"location":{"name":"Dublin","country":"Ireland","region":"Dublin","lat":"53.333","lon":"-6.249","timezone_id":"Europe/Dublin","localtime":"2024-12-01 12:07","localtime_epoch":1733054820,"utc_offset":"0.0"},"current":{"observation_time":"12:07 PM","temperature":13,"weather_code":116,"weather_icons":["https://cdn.worldweatheronline.com/images/wsymbols01_png_64/wsymbol_0002_sunny_intervals.png"],"weather_descriptions":["Partly cloudy"],"wind_speed":15,"wind_degree":225,"wind_dir":"SW","pressure":1006,"precip":0,"humidity":82,"cloudcover":75,"feelslike":12,"uv_index":0,"visibility":10,"is_day":"yes"}}
