﻿{"request":{"type":"City","query":"Rome, Italy","language":"en","unit":"m"},"location":{"name":"Rome","country":"Italy","region":"Lazio","lat":"41.900","lon":"12.483","timezone_id":"Europe/Rome","localtime":"2024-11-29 05:42","localtime_epoch":1732858920,"utc_offset":"1.0"},"current":{"observation_time":"04:42 AM","temperature":12,"weather_code":116,"weather_icons":["https://cdn.worldweatheronline.com/images/wsymbols01_png_64/wsymbol_0004_black_low_cloud.png"],"weather_descriptions":["Partly cloudy"],"wind_speed":4,"wind_degree":71,"wind_dir":"ENE","pressure":1021,"precip":0,"humidity":94,"cloudcover":50,"feelslike":13,"uv_index":0,"visibility":10,"is_day":"no"}}
