﻿{"request":{"type":"City","query":"Rome, Italy","language":"en","unit":"m"},"location":{"name":"Rome","country":"Italy","region":"Lazio","lat":"41.900","lon":"12.483","timezone_id":"Europe/Rome","localtime":"2024-12-01 13:08","localtime_epoch":1733058480,"utc_offset":"1.0"},"current":{"observation_time":"12:08 PM","temperature":14,"weather_code":113,"weather_icons":["https://cdn.worldweatheronline.com/images/wsymbols01_png_64/wsymbol_0001_sunny.png"],"weather_descriptions":["Sunny"],"wind_speed":8,"wind_degree":12,"wind_dir":"NNE","pressure":1020,"precip":0,"humidity":55,"cloudcover":0,"feelslike":14,"uv_index":1,"visibility":10,"is_day":"yes"}}
