﻿{"request":{"type":"City","query":"Tokyo, Japan","language":"en","unit":"m"},"location":{"name":"Tokyo","country":"Japan","region":"Tokyo","lat":"35.690","lon":"139.692","timezone_id":"Asia/Tokyo","localtime":"2024-11-29 14:41","localtime_epoch":1732891260,"utc_offset":"9.0"},"current":{"observation_time":"05:41 AM","temperature":16,"weather_code":116,"weather_icons":["https://cdn.worldweatheronline.com/images/wsymbols01_png_64/wsymbol_0002_sunny_intervals.png"],"weather_descriptions":["Partly cloudy"],"wind_speed":9,"wind_degree":10,"wind_dir":"N","pressure":999,"precip":0,"humidity":31,"cloudcover":75,"feelslike":16,"uv_index":1,"visibility":10,"is_day":"yes"}}
