﻿{"request":{"type":"City","query":"Tokyo, Japan","language":"en","unit":"m"},"location":{"name":"Tokyo","country":"Japan","region":"Tokyo","lat":"35.690","lon":"139.692","timezone_id":"Asia/Tokyo","localtime":"2024-12-01 21:31","localtime_epoch":1733088660,"utc_offset":"9.0"},"current":{"observation_time":"12:31 PM","temperature":14,"weather_code":116,"weather_icons":["https://cdn.worldweatheronline.com/images/wsymbols01_png_64/wsymbol_0004_black_low_cloud.png"],"weather_descriptions":["Partly cloudy"],"wind_speed":5,"wind_degree":22,"wind_dir":"NNE","pressure":1015,"precip":0,"humidity":59,"cloudcover":25,"feelslike":14,"uv_index":0,"visibility":10,"is_day":"no"}}
