﻿{"request":{"type":"City","query":"Saint Helier, Jersey","language":"en","unit":"m"},"location":{"name":"Saint Helier","country":"Jersey","region":"","lat":"49.183","lon":"-2.100","timezone_id":"Europe/Jersey","localtime":"2024-11-29 04:41","localtime_epoch":1732855260,"utc_offset":"0.0"},"current":{"observation_time":"04:41 AM","temperature":9,"weather_code":143,"weather_icons":["https://cdn.worldweatheronline.com/images/wsymbols01_png_64/wsymbol_0006_mist.png"],"weather_descriptions":["Mist"],"wind_speed":39,"wind_degree":141,"wind_dir":"SE","pressure":1024,"precip":0,"humidity":93,"cloudcover":100,"feelslike":5,"uv_index":0,"visibility":4,"is_day":"no"}}
