﻿{"request":{"type":"City","query":"Saint Helier, Jersey","language":"en","unit":"m"},"location":{"name":"Saint Helier","country":"Jersey","region":"","lat":"49.183","lon":"-2.100","timezone_id":"Europe/Jersey","localtime":"2024-12-01 12:08","localtime_epoch":1733054880,"utc_offset":"0.0"},"current":{"observation_time":"12:08 PM","temperature":14,"weather_code":122,"weather_icons":["https://cdn.worldweatheronline.com/images/wsymbols01_png_64/wsymbol_0004_black_low_cloud.png"],"weather_descriptions":["Shower In Vicinity"],"wind_speed":30,"wind_degree":224,"wind_dir":"SW","pressure":1016,"precip":0,"humidity":100,"cloudcover":75,"feelslike":12,"uv_index":0,"visibility":10,"is_day":"yes"}}
