﻿{"request":{"type":"City","query":"Astana, Kazakhstan","language":"en","unit":"m"},"location":{"name":"Astana","country":"Kazakhstan","region":"Astana","lat":"51.181","lon":"71.428","timezone_id":"Asia/Almaty","localtime":"2024-12-01 17:31","localtime_epoch":1733074260,"utc_offset":"5.0"},"current":{"observation_time":"12:31 PM","temperature":-12,"weather_code":122,"weather_icons":["https://cdn.worldweatheronline.com/images/wsymbols01_png_64/wsymbol_0004_black_low_cloud.png"],"weather_descriptions":["Overcast"],"wind_speed":10,"wind_degree":266,"wind_dir":"W","pressure":1021,"precip":0,"humidity":85,"cloudcover":100,"feelslike":-17,"uv_index":0,"visibility":10,"is_day":"no"}}
