﻿{"request":{"type":"City","query":"Astana, Kazakhstan","language":"en","unit":"m"},"location":{"name":"Astana","country":"Kazakhstan","region":"Astana","lat":"51.181","lon":"71.428","timezone_id":"Asia/Almaty","localtime":"2024-11-29 10:53","localtime_epoch":1732877580,"utc_offset":"5.0"},"current":{"observation_time":"05:53 AM","temperature":-13,"weather_code":113,"weather_icons":["https://cdn.worldweatheronline.com/images/wsymbols01_png_64/wsymbol_0001_sunny.png"],"weather_descriptions":["Sunny"],"wind_speed":9,"wind_degree":232,"wind_dir":"SW","pressure":1021,"precip":0,"humidity":93,"cloudcover":4,"feelslike":-19,"uv_index":0,"visibility":10,"is_day":"yes"}}
