﻿{"request":{"type":"City","query":"Nairobi, Kenya","language":"en","unit":"m"},"location":{"name":"Nairobi","country":"Kenya","region":"Nairobi Area","lat":"-1.283","lon":"36.817","timezone_id":"Africa/Nairobi","localtime":"2024-12-01 15:05","localtime_epoch":1733065500,"utc_offset":"3.0"},"current":{"observation_time":"12:05 PM","temperature":25,"weather_code":116,"weather_icons":["https://cdn.worldweatheronline.com/images/wsymbols01_png_64/wsymbol_0002_sunny_intervals.png"],"weather_descriptions":["Partly cloudy"],"wind_speed":20,"wind_degree":74,"wind_dir":"ENE","pressure":1020,"precip":0.3,"humidity":44,"cloudcover":75,"feelslike":26,"uv_index":6,"visibility":10,"is_day":"yes"}}
