﻿{"request":{"type":"City","query":"Nairobi, Kenya","language":"en","unit":"m"},"location":{"name":"Nairobi","country":"Kenya","region":"Nairobi Area","lat":"-1.283","lon":"36.817","timezone_id":"Africa/Nairobi","localtime":"2024-11-29 07:46","localtime_epoch":1732866360,"utc_offset":"3.0"},"current":{"observation_time":"04:46 AM","temperature":18,"weather_code":116,"weather_icons":["https://cdn.worldweatheronline.com/images/wsymbols01_png_64/wsymbol_0002_sunny_intervals.png"],"weather_descriptions":["Partly cloudy"],"wind_speed":8,"wind_degree":12,"wind_dir":"NNE","pressure":1024,"precip":0.2,"humidity":83,"cloudcover":75,"feelslike":18,"uv_index":0,"visibility":10,"is_day":"yes"}}
