﻿{"request":{"type":"City","query":"Tarawa, Kiribati","language":"en","unit":"m"},"location":{"name":"Tarawa","country":"Kiribati","region":"","lat":"-0.883","lon":"169.533","timezone_id":"Pacific/Tarawa","localtime":"2024-12-02 00:13","localtime_epoch":1733098380,"utc_offset":"12.0"},"current":{"observation_time":"12:13 PM","temperature":28,"weather_code":116,"weather_icons":["https://cdn.worldweatheronline.com/images/wsymbols01_png_64/wsymbol_0004_black_low_cloud.png"],"weather_descriptions":["Partly Cloudy "],"wind_speed":26,"wind_degree":92,"wind_dir":"E","pressure":1006,"precip":0,"humidity":68,"cloudcover":36,"feelslike":31,"uv_index":0,"visibility":10,"is_day":"no"}}
