﻿{"request":{"type":"City","query":"Tarawa, Kiribati","language":"en","unit":"m"},"location":{"name":"Tarawa","country":"Kiribati","region":"","lat":"-0.883","lon":"169.533","timezone_id":"Pacific/Tarawa","localtime":"2024-11-29 17:14","localtime_epoch":1732900440,"utc_offset":"12.0"},"current":{"observation_time":"05:14 AM","temperature":28,"weather_code":113,"weather_icons":["https://cdn.worldweatheronline.com/images/wsymbols01_png_64/wsymbol_0001_sunny.png"],"weather_descriptions":["Sunny"],"wind_speed":22,"wind_degree":105,"wind_dir":"ESE","pressure":1006,"precip":0,"humidity":76,"cloudcover":10,"feelslike":31,"uv_index":2,"visibility":10,"is_day":"yes"}}
