﻿{"request":{"type":"City","query":"Ball-Kyrgyzstan, Afghanistan","language":"en","unit":"m"},"location":{"name":"Ball-Kyrgyzstan","country":"Afghanistan","region":"Ghazni","lat":"33.509","lon":"67.977","timezone_id":"Asia/Kabul","localtime":"2024-11-29 10:10","localtime_epoch":1732875000,"utc_offset":"4.50"},"current":{"observation_time":"05:40 AM","temperature":3,"weather_code":338,"weather_icons":["https://cdn.worldweatheronline.com/images/wsymbols01_png_64/wsymbol_0020_cloudy_with_heavy_snow.png"],"weather_descriptions":["Heavy snow"],"wind_speed":7,"wind_degree":359,"wind_dir":"N","pressure":1024,"precip":0.6,"humidity":93,"cloudcover":94,"feelslike":1,"uv_index":1,"visibility":2,"is_day":"yes"}}
