﻿{"request":{"type":"City","query":"Ball-Kyrgyzstan, Afghanistan","language":"en","unit":"m"},"location":{"name":"Ball-Kyrgyzstan","country":"Afghanistan","region":"Ghazni","lat":"33.509","lon":"67.977","timezone_id":"Asia/Kabul","localtime":"2024-12-01 17:15","localtime_epoch":1733073300,"utc_offset":"4.50"},"current":{"observation_time":"12:45 PM","temperature":4,"weather_code":176,"weather_icons":["https://cdn.worldweatheronline.com/images/wsymbols01_png_64/wsymbol_0025_light_rain_showers_night.png"],"weather_descriptions":["Patchy rain nearby"],"wind_speed":4,"wind_degree":10,"wind_dir":"N","pressure":1015,"precip":0,"humidity":49,"cloudcover":82,"feelslike":4,"uv_index":0,"visibility":10,"is_day":"no"}}
