﻿{"request":{"type":"City","query":"Riga, Latvia","language":"en","unit":"m"},"location":{"name":"Riga","country":"Latvia","region":"Riga","lat":"56.950","lon":"24.100","timezone_id":"Europe/Riga","localtime":"2024-11-29 06:42","localtime_epoch":1732862520,"utc_offset":"2.0"},"current":{"observation_time":"04:42 AM","temperature":2,"weather_code":116,"weather_icons":["https://cdn.worldweatheronline.com/images/wsymbols01_png_64/wsymbol_0004_black_low_cloud.png"],"weather_descriptions":["Partly cloudy"],"wind_speed":8,"wind_degree":26,"wind_dir":"NNE","pressure":1023,"precip":0,"humidity":87,"cloudcover":25,"feelslike":0,"uv_index":0,"visibility":10,"is_day":"no"}}
