﻿{"request":{"type":"City","query":"Riga, Latvia","language":"en","unit":"m"},"location":{"name":"Riga","country":"Latvia","region":"Riga","lat":"56.950","lon":"24.100","timezone_id":"Europe/Riga","localtime":"2024-12-01 14:08","localtime_epoch":1733062080,"utc_offset":"2.0"},"current":{"observation_time":"12:08 PM","temperature":5,"weather_code":122,"weather_icons":["https://cdn.worldweatheronline.com/images/wsymbols01_png_64/wsymbol_0004_black_low_cloud.png"],"weather_descriptions":["Overcast"],"wind_speed":16,"wind_degree":212,"wind_dir":"SSW","pressure":1025,"precip":0,"humidity":81,"cloudcover":100,"feelslike":2,"uv_index":0,"visibility":10,"is_day":"yes"}}
