﻿{"request":{"type":"City","query":"Maseru, Lesotho","language":"en","unit":"m"},"location":{"name":"Maseru","country":"Lesotho","region":"Maseru","lat":"-29.317","lon":"27.483","timezone_id":"Africa/Johannesburg","localtime":"2024-11-29 06:33","localtime_epoch":1732861980,"utc_offset":"2.0"},"current":{"observation_time":"04:33 AM","temperature":9,"weather_code":113,"weather_icons":["https://cdn.worldweatheronline.com/images/wsymbols01_png_64/wsymbol_0001_sunny.png"],"weather_descriptions":["Sunny"],"wind_speed":4,"wind_degree":181,"wind_dir":"S","pressure":1022,"precip":0,"humidity":52,"cloudcover":0,"feelslike":9,"uv_index":0,"visibility":10,"is_day":"yes"}}
