﻿{"request":{"type":"City","query":"Maseru, Lesotho","language":"en","unit":"m"},"location":{"name":"Maseru","country":"Lesotho","region":"Maseru","lat":"-29.317","lon":"27.483","timezone_id":"Africa/Johannesburg","localtime":"2024-12-01 14:05","localtime_epoch":1733061900,"utc_offset":"2.0"},"current":{"observation_time":"12:05 PM","temperature":28,"weather_code":116,"weather_icons":["https://cdn.worldweatheronline.com/images/wsymbols01_png_64/wsymbol_0002_sunny_intervals.png"],"weather_descriptions":["Partly cloudy"],"wind_speed":26,"wind_degree":270,"wind_dir":"W","pressure":1019,"precip":0,"humidity":17,"cloudcover":25,"feelslike":26,"uv_index":11,"visibility":10,"is_day":"yes"}}
