﻿{"request":{"type":"City","query":"Monrovia, Liberia","language":"en","unit":"m"},"location":{"name":"Monrovia","country":"Liberia","region":"Montserrado","lat":"6.311","lon":"-10.805","timezone_id":"Africa/Monrovia","localtime":"2024-11-29 04:33","localtime_epoch":1732854780,"utc_offset":"0.0"},"current":{"observation_time":"04:33 AM","temperature":25,"weather_code":176,"weather_icons":["https://cdn.worldweatheronline.com/images/wsymbols01_png_64/wsymbol_0025_light_rain_showers_night.png"],"weather_descriptions":["Patchy rain nearby"],"wind_speed":6,"wind_degree":107,"wind_dir":"ESE","pressure":1011,"precip":0,"humidity":86,"cloudcover":84,"feelslike":28,"uv_index":0,"visibility":10,"is_day":"no"}}
