﻿{"request":{"type":"City","query":"Monrovia, Liberia","language":"en","unit":"m"},"location":{"name":"Monrovia","country":"Liberia","region":"Montserrado","lat":"6.311","lon":"-10.805","timezone_id":"Africa/Monrovia","localtime":"2024-12-01 12:05","localtime_epoch":1733054700,"utc_offset":"0.0"},"current":{"observation_time":"12:05 PM","temperature":30,"weather_code":116,"weather_icons":["https://cdn.worldweatheronline.com/images/wsymbols01_png_64/wsymbol_0002_sunny_intervals.png"],"weather_descriptions":["Partly cloudy"],"wind_speed":8,"wind_degree":192,"wind_dir":"SSW","pressure":1012,"precip":0,"humidity":75,"cloudcover":75,"feelslike":33,"uv_index":8,"visibility":10,"is_day":"yes"}}
