﻿{"request":{"type":"City","query":"Tripoli, Libya","language":"en","unit":"m"},"location":{"name":"Tripoli","country":"Libya","region":"Tarabulus","lat":"32.893","lon":"13.180","timezone_id":"Africa/Tripoli","localtime":"2024-11-29 06:21","localtime_epoch":1732861260,"utc_offset":"2.0"},"current":{"observation_time":"04:21 AM","temperature":17,"weather_code":113,"weather_icons":["https://cdn.worldweatheronline.com/images/wsymbols01_png_64/wsymbol_0008_clear_sky_night.png"],"weather_descriptions":["Clear "],"wind_speed":9,"wind_degree":230,"wind_dir":"SW","pressure":1025,"precip":0,"humidity":49,"cloudcover":4,"feelslike":17,"uv_index":0,"visibility":10,"is_day":"no"}}
