﻿{"request":{"type":"City","query":"Tripoli, Libya","language":"en","unit":"m"},"location":{"name":"Tripoli","country":"Libya","region":"Tarabulus","lat":"32.893","lon":"13.180","timezone_id":"Africa/Tripoli","localtime":"2024-12-01 14:05","localtime_epoch":1733061900,"utc_offset":"2.0"},"current":{"observation_time":"12:05 PM","temperature":19,"weather_code":176,"weather_icons":["https://cdn.worldweatheronline.com/images/wsymbols01_png_64/wsymbol_0009_light_rain_showers.png"],"weather_descriptions":["Patchy rain nearby"],"wind_speed":26,"wind_degree":303,"wind_dir":"WNW","pressure":1022,"precip":0,"humidity":47,"cloudcover":55,"feelslike":19,"uv_index":3,"visibility":10,"is_day":"yes"}}
