﻿{"request":{"type":"City","query":"Vaduz, Liechtenstein","language":"en","unit":"m"},"location":{"name":"Vaduz","country":"Liechtenstein","region":"Vaduz","lat":"47.133","lon":"9.517","timezone_id":"Europe/Vaduz","localtime":"2024-11-29 05:41","localtime_epoch":1732858860,"utc_offset":"1.0"},"current":{"observation_time":"04:41 AM","temperature":-3,"weather_code":113,"weather_icons":["https://cdn.worldweatheronline.com/images/wsymbols01_png_64/wsymbol_0008_clear_sky_night.png"],"weather_descriptions":["Clear"],"wind_speed":7,"wind_degree":160,"wind_dir":"SSE","pressure":1031,"precip":0,"humidity":100,"cloudcover":0,"feelslike":-6,"uv_index":0,"visibility":5,"is_day":"no"}}
