﻿{"request":{"type":"City","query":"Vaduz, Liechtenstein","language":"en","unit":"m"},"location":{"name":"Vaduz","country":"Liechtenstein","region":"Vaduz","lat":"47.133","lon":"9.517","timezone_id":"Europe/Vaduz","localtime":"2024-12-01 12:54","localtime_epoch":1733057640,"utc_offset":"1.0"},"current":{"observation_time":"11:54 AM","temperature":1,"weather_code":122,"weather_icons":["https://cdn.worldweatheronline.com/images/wsymbols01_png_64/wsymbol_0004_black_low_cloud.png"],"weather_descriptions":["Overcast"],"wind_speed":6,"wind_degree":194,"wind_dir":"SSW","pressure":1026,"precip":0,"humidity":100,"cloudcover":100,"feelslike":-1,"uv_index":1,"visibility":9,"is_day":"yes"}}
