﻿{"request":{"type":"City","query":"Vilnius, Lithuania","language":"en","unit":"m"},"location":{"name":"Vilnius","country":"Lithuania","region":"Vilniaus Apskritis","lat":"54.683","lon":"25.317","timezone_id":"Europe/Vilnius","localtime":"2024-12-01 13:54","localtime_epoch":1733061240,"utc_offset":"2.0"},"current":{"observation_time":"11:54 AM","temperature":5,"weather_code":113,"weather_icons":["https://cdn.worldweatheronline.com/images/wsymbols01_png_64/wsymbol_0001_sunny.png"],"weather_descriptions":["Sunny"],"wind_speed":11,"wind_degree":220,"wind_dir":"SW","pressure":1029,"precip":0,"humidity":70,"cloudcover":0,"feelslike":3,"uv_index":0,"visibility":10,"is_day":"yes"}}
