﻿{"request":{"type":"City","query":"Vilnius, Lithuania","language":"en","unit":"m"},"location":{"name":"Vilnius","country":"Lithuania","region":"Vilniaus Apskritis","lat":"54.683","lon":"25.317","timezone_id":"Europe/Vilnius","localtime":"2024-11-29 06:41","localtime_epoch":1732862460,"utc_offset":"2.0"},"current":{"observation_time":"04:41 AM","temperature":2,"weather_code":266,"weather_icons":["https://cdn.worldweatheronline.com/images/wsymbols01_png_64/wsymbol_0033_cloudy_with_light_rain_night.png"],"weather_descriptions":["Drizzle, Mist"],"wind_speed":8,"wind_degree":49,"wind_dir":"NE","pressure":1020,"precip":0.2,"humidity":93,"cloudcover":100,"feelslike":0,"uv_index":0,"visibility":6,"is_day":"no"}}
