﻿{"request":{"type":"City","query":"Luxembourg, Luxembourg","language":"en","unit":"m"},"location":{"name":"Luxembourg","country":"Luxembourg","region":"Luxembourg","lat":"49.612","lon":"6.130","timezone_id":"Europe/Luxembourg","localtime":"2024-12-01 12:54","localtime_epoch":1733057640,"utc_offset":"1.0"},"current":{"observation_time":"11:54 AM","temperature":4,"weather_code":113,"weather_icons":["https://cdn.worldweatheronline.com/images/wsymbols01_png_64/wsymbol_0001_sunny.png"],"weather_descriptions":["Sunny"],"wind_speed":11,"wind_degree":162,"wind_dir":"SSE","pressure":1024,"precip":0,"humidity":55,"cloudcover":4,"feelslike":2,"uv_index":1,"visibility":10,"is_day":"yes"}}
