﻿{"request":{"type":"City","query":"Luxembourg, Luxembourg","language":"en","unit":"m"},"location":{"name":"Luxembourg","country":"Luxembourg","region":"Luxembourg","lat":"49.612","lon":"6.130","timezone_id":"Europe/Luxembourg","localtime":"2024-11-29 05:42","localtime_epoch":1732858920,"utc_offset":"1.0"},"current":{"observation_time":"04:42 AM","temperature":1,"weather_code":113,"weather_icons":["https://cdn.worldweatheronline.com/images/wsymbols01_png_64/wsymbol_0008_clear_sky_night.png"],"weather_descriptions":["Clear"],"wind_speed":6,"wind_degree":43,"wind_dir":"NE","pressure":1030,"precip":0,"humidity":93,"cloudcover":0,"feelslike":-1,"uv_index":0,"visibility":10,"is_day":"no"}}
