﻿{"request":{"type":"City","query":"Macao, China","language":"en","unit":"m"},"location":{"name":"Macao","country":"China","region":"Anhui","lat":"31.311","lon":"117.101","timezone_id":"Asia/Shanghai","localtime":"2024-11-29 13:41","localtime_epoch":1732887660,"utc_offset":"8.0"},"current":{"observation_time":"05:41 AM","temperature":17,"weather_code":113,"weather_icons":["https://cdn.worldweatheronline.com/images/wsymbols01_png_64/wsymbol_0001_sunny.png"],"weather_descriptions":["Sunny"],"wind_speed":16,"wind_degree":261,"wind_dir":"W","pressure":1021,"precip":0,"humidity":17,"cloudcover":0,"feelslike":17,"uv_index":3,"visibility":10,"is_day":"yes"}}
