﻿{"request":{"type":"City","query":"Macao, China","language":"en","unit":"m"},"location":{"name":"Macao","country":"China","region":"Anhui","lat":"31.311","lon":"117.101","timezone_id":"Asia/Shanghai","localtime":"2024-12-01 20:31","localtime_epoch":1733085060,"utc_offset":"8.0"},"current":{"observation_time":"12:31 PM","temperature":14,"weather_code":113,"weather_icons":["https://cdn.worldweatheronline.com/images/wsymbols01_png_64/wsymbol_0008_clear_sky_night.png"],"weather_descriptions":["Clear "],"wind_speed":12,"wind_degree":204,"wind_dir":"SSW","pressure":1014,"precip":0,"humidity":53,"cloudcover":2,"feelslike":13,"uv_index":0,"visibility":10,"is_day":"no"}}
