﻿{"request":{"type":"City","query":"Antananarivo, Madagascar","language":"en","unit":"m"},"location":{"name":"Antananarivo","country":"Madagascar","region":"Antananarivo","lat":"-18.917","lon":"47.517","timezone_id":"Indian/Antananarivo","localtime":"2024-12-01 15:05","localtime_epoch":1733065500,"utc_offset":"3.0"},"current":{"observation_time":"12:05 PM","temperature":20,"weather_code":122,"weather_icons":["https://cdn.worldweatheronline.com/images/wsymbols01_png_64/wsymbol_0004_black_low_cloud.png"],"weather_descriptions":["Shower In Vicinity"],"wind_speed":10,"wind_degree":95,"wind_dir":"E","pressure":1015,"precip":0.1,"humidity":88,"cloudcover":75,"feelslike":20,"uv_index":5,"visibility":10,"is_day":"yes"}}
