﻿{"request":{"type":"City","query":"Antananarivo, Madagascar","language":"en","unit":"m"},"location":{"name":"Antananarivo","country":"Madagascar","region":"Antananarivo","lat":"-18.917","lon":"47.517","timezone_id":"Indian/Antananarivo","localtime":"2024-11-29 07:34","localtime_epoch":1732865640,"utc_offset":"3.0"},"current":{"observation_time":"04:34 AM","temperature":21,"weather_code":116,"weather_icons":["https://cdn.worldweatheronline.com/images/wsymbols01_png_64/wsymbol_0002_sunny_intervals.png"],"weather_descriptions":["Partly cloudy"],"wind_speed":4,"wind_degree":54,"wind_dir":"NE","pressure":1019,"precip":0.1,"humidity":83,"cloudcover":75,"feelslike":21,"uv_index":1,"visibility":10,"is_day":"yes"}}
