﻿{"request":{"type":"City","query":"Lilongwe, Malawi","language":"en","unit":"m"},"location":{"name":"Lilongwe","country":"Malawi","region":"Lilongwe","lat":"-13.983","lon":"33.783","timezone_id":"Africa/Blantyre","localtime":"2024-12-01 14:20","localtime_epoch":1733062800,"utc_offset":"2.0"},"current":{"observation_time":"12:20 PM","temperature":30,"weather_code":113,"weather_icons":["https://cdn.worldweatheronline.com/images/wsymbols01_png_64/wsymbol_0001_sunny.png"],"weather_descriptions":["Sunny"],"wind_speed":9,"wind_degree":155,"wind_dir":"SSE","pressure":1010,"precip":0,"humidity":17,"cloudcover":3,"feelslike":27,"uv_index":9,"visibility":10,"is_day":"yes"}}
