﻿{"request":{"type":"City","query":"Kuala Lumpur, Malaysia","language":"en","unit":"m"},"location":{"name":"Kuala Lumpur","country":"Malaysia","region":"Kuala Lumpur","lat":"3.167","lon":"101.700","timezone_id":"Asia/Kuala_Lumpur","localtime":"2024-11-29 13:40","localtime_epoch":1732887600,"utc_offset":"8.0"},"current":{"observation_time":"05:40 AM","temperature":27,"weather_code":296,"weather_icons":["https://cdn.worldweatheronline.com/images/wsymbols01_png_64/wsymbol_0017_cloudy_with_light_rain.png"],"weather_descriptions":["Light Rain"],"wind_speed":4,"wind_degree":262,"wind_dir":"W","pressure":1009,"precip":0.3,"humidity":89,"cloudcover":25,"feelslike":31,"uv_index":1,"visibility":9,"is_day":"yes"}}
