﻿{"request":{"type":"City","query":"Kuala Lumpur, Malaysia","language":"en","unit":"m"},"location":{"name":"Kuala Lumpur","country":"Malaysia","region":"Kuala Lumpur","lat":"3.167","lon":"101.700","timezone_id":"Asia/Kuala_Lumpur","localtime":"2024-12-01 20:31","localtime_epoch":1733085060,"utc_offset":"8.0"},"current":{"observation_time":"12:31 PM","temperature":27,"weather_code":116,"weather_icons":["https://cdn.worldweatheronline.com/images/wsymbols01_png_64/wsymbol_0004_black_low_cloud.png"],"weather_descriptions":["Partly cloudy"],"wind_speed":5,"wind_degree":331,"wind_dir":"NNW","pressure":1006,"precip":0.1,"humidity":89,"cloudcover":25,"feelslike":33,"uv_index":0,"visibility":9,"is_day":"no"}}
