﻿{"request":{"type":"City","query":"Lilongwe, Malawi","language":"en","unit":"m"},"location":{"name":"Lilongwe","country":"Malawi","region":"Lilongwe","lat":"-13.983","lon":"33.783","timezone_id":"Africa/Blantyre","localtime":"2024-11-29 06:22","localtime_epoch":1732861320,"utc_offset":"2.0"},"current":{"observation_time":"04:22 AM","temperature":20,"weather_code":116,"weather_icons":["https://cdn.worldweatheronline.com/images/wsymbols01_png_64/wsymbol_0002_sunny_intervals.png"],"weather_descriptions":["Partly cloudy"],"wind_speed":8,"wind_degree":151,"wind_dir":"SSE","pressure":1020,"precip":0,"humidity":88,"cloudcover":75,"feelslike":20,"uv_index":0,"visibility":10,"is_day":"yes"}}
