﻿{"request":{"type":"City","query":"Male, Maldives","language":"en","unit":"m"},"location":{"name":"Male","country":"Maldives","region":"Maale","lat":"4.167","lon":"73.500","timezone_id":"Indian/Maldives","localtime":"2024-11-29 10:53","localtime_epoch":1732877580,"utc_offset":"5.0"},"current":{"observation_time":"05:53 AM","temperature":31,"weather_code":116,"weather_icons":["https://cdn.worldweatheronline.com/images/wsymbols01_png_64/wsymbol_0002_sunny_intervals.png"],"weather_descriptions":["Partly cloudy"],"wind_speed":28,"wind_degree":284,"wind_dir":"WNW","pressure":1010,"precip":0,"humidity":75,"cloudcover":75,"feelslike":39,"uv_index":6,"visibility":8,"is_day":"yes"}}
