﻿{"request":{"type":"City","query":"Male, Maldives","language":"en","unit":"m"},"location":{"name":"Male","country":"Maldives","region":"Maale","lat":"4.167","lon":"73.500","timezone_id":"Indian/Maldives","localtime":"2024-12-01 17:31","localtime_epoch":1733074260,"utc_offset":"5.0"},"current":{"observation_time":"12:31 PM","temperature":30,"weather_code":116,"weather_icons":["https://cdn.worldweatheronline.com/images/wsymbols01_png_64/wsymbol_0002_sunny_intervals.png"],"weather_descriptions":["Partly cloudy"],"wind_speed":32,"wind_degree":291,"wind_dir":"WNW","pressure":1006,"precip":0,"humidity":75,"cloudcover":75,"feelslike":37,"uv_index":0,"visibility":10,"is_day":"yes"}}
