﻿{"request":{"type":"City","query":"Bamako, Mali","language":"en","unit":"m"},"location":{"name":"Bamako","country":"Mali","region":"Bamako","lat":"12.650","lon":"-8.000","timezone_id":"Africa/Bamako","localtime":"2024-12-01 11:51","localtime_epoch":1733053860,"utc_offset":"0.0"},"current":{"observation_time":"11:51 AM","temperature":30,"weather_code":113,"weather_icons":["https://cdn.worldweatheronline.com/images/wsymbols01_png_64/wsymbol_0001_sunny.png"],"weather_descriptions":["Sunny"],"wind_speed":16,"wind_degree":76,"wind_dir":"ENE","pressure":1016,"precip":0,"humidity":19,"cloudcover":0,"feelslike":28,"uv_index":6,"visibility":10,"is_day":"yes"}}
