﻿{"request":{"type":"City","query":"Bamako, Mali","language":"en","unit":"m"},"location":{"name":"Bamako","country":"Mali","region":"Bamako","lat":"12.650","lon":"-8.000","timezone_id":"Africa/Bamako","localtime":"2024-11-29 04:34","localtime_epoch":1732854840,"utc_offset":"0.0"},"current":{"observation_time":"04:34 AM","temperature":18,"weather_code":113,"weather_icons":["https://cdn.worldweatheronline.com/images/wsymbols01_png_64/wsymbol_0008_clear_sky_night.png"],"weather_descriptions":["Clear"],"wind_speed":9,"wind_degree":25,"wind_dir":"NNE","pressure":1015,"precip":0,"humidity":45,"cloudcover":0,"feelslike":18,"uv_index":0,"visibility":10,"is_day":"no"}}
