﻿{"request":{"type":"City","query":"Valletta, Malta","language":"en","unit":"m"},"location":{"name":"Valletta","country":"Malta","region":"","lat":"35.900","lon":"14.515","timezone_id":"Europe/Malta","localtime":"2024-12-01 13:08","localtime_epoch":1733058480,"utc_offset":"1.0"},"current":{"observation_time":"12:08 PM","temperature":17,"weather_code":116,"weather_icons":["https://cdn.worldweatheronline.com/images/wsymbols01_png_64/wsymbol_0002_sunny_intervals.png"],"weather_descriptions":["Partly cloudy"],"wind_speed":33,"wind_degree":306,"wind_dir":"NW","pressure":1019,"precip":0.3,"humidity":55,"cloudcover":25,"feelslike":17,"uv_index":1,"visibility":10,"is_day":"yes"}}
