﻿{"request":{"type":"City","query":"Valletta, Malta","language":"en","unit":"m"},"location":{"name":"Valletta","country":"Malta","region":"","lat":"35.900","lon":"14.515","timezone_id":"Europe/Malta","localtime":"2024-11-29 05:29","localtime_epoch":1732858140,"utc_offset":"1.0"},"current":{"observation_time":"04:29 AM","temperature":17,"weather_code":116,"weather_icons":["https://cdn.worldweatheronline.com/images/wsymbols01_png_64/wsymbol_0004_black_low_cloud.png"],"weather_descriptions":["Partly cloudy"],"wind_speed":23,"wind_degree":276,"wind_dir":"W","pressure":1023,"precip":0,"humidity":77,"cloudcover":25,"feelslike":17,"uv_index":0,"visibility":10,"is_day":"no"}}
