﻿{"request":{"type":"City","query":"Nouakchott, Mauritania","language":"en","unit":"m"},"location":{"name":"Nouakchott","country":"Mauritania","region":"Trarza","lat":"18.086","lon":"-15.975","timezone_id":"Africa/Nouakchott","localtime":"2024-11-29 04:34","localtime_epoch":1732854840,"utc_offset":"0.0"},"current":{"observation_time":"04:34 AM","temperature":24,"weather_code":113,"weather_icons":["https://cdn.worldweatheronline.com/images/wsymbols01_png_64/wsymbol_0008_clear_sky_night.png"],"weather_descriptions":["Clear "],"wind_speed":19,"wind_degree":58,"wind_dir":"ENE","pressure":1014,"precip":0,"humidity":31,"cloudcover":16,"feelslike":24,"uv_index":0,"visibility":10,"is_day":"no"}}
