﻿{"request":{"type":"City","query":"Nouakchott, Mauritania","language":"en","unit":"m"},"location":{"name":"Nouakchott","country":"Mauritania","region":"Trarza","lat":"18.086","lon":"-15.975","timezone_id":"Africa/Nouakchott","localtime":"2024-12-01 12:06","localtime_epoch":1733054760,"utc_offset":"0.0"},"current":{"observation_time":"12:06 PM","temperature":27,"weather_code":113,"weather_icons":["https://cdn.worldweatheronline.com/images/wsymbols01_png_64/wsymbol_0001_sunny.png"],"weather_descriptions":["Sunny"],"wind_speed":26,"wind_degree":83,"wind_dir":"E","pressure":1016,"precip":0,"humidity":23,"cloudcover":0,"feelslike":25,"uv_index":5,"visibility":10,"is_day":"yes"}}
