﻿{"request":{"type":"City","query":"Port Louis, Mauritius","language":"en","unit":"m"},"location":{"name":"Port Louis","country":"Mauritius","region":"Port Louis","lat":"-20.162","lon":"57.499","timezone_id":"Indian/Mauritius","localtime":"2024-11-29 08:22","localtime_epoch":1732868520,"utc_offset":"4.0"},"current":{"observation_time":"04:22 AM","temperature":26,"weather_code":122,"weather_icons":["https://cdn.worldweatheronline.com/images/wsymbols01_png_64/wsymbol_0004_black_low_cloud.png"],"weather_descriptions":["Shower In Vicinity"],"wind_speed":28,"wind_degree":95,"wind_dir":"E","pressure":1017,"precip":0,"humidity":70,"cloudcover":50,"feelslike":28,"uv_index":3,"visibility":10,"is_day":"yes"}}
