﻿{"request":{"type":"City","query":"Port Louis, Mauritius","language":"en","unit":"m"},"location":{"name":"Port Louis","country":"Mauritius","region":"Port Louis","lat":"-20.162","lon":"57.499","timezone_id":"Indian/Mauritius","localtime":"2024-12-01 15:51","localtime_epoch":1733068260,"utc_offset":"4.0"},"current":{"observation_time":"11:51 AM","temperature":27,"weather_code":122,"weather_icons":["https://cdn.worldweatheronline.com/images/wsymbols01_png_64/wsymbol_0004_black_low_cloud.png"],"weather_descriptions":["Shower In Vicinity"],"wind_speed":18,"wind_degree":80,"wind_dir":"E","pressure":1012,"precip":0,"humidity":74,"cloudcover":75,"feelslike":29,"uv_index":6,"visibility":6,"is_day":"yes"}}
