﻿{"request":{"type":"City","query":"Mamoudzou, Mayotte","language":"en","unit":"m"},"location":{"name":"Mamoudzou","country":"Mayotte","region":"","lat":"-12.779","lon":"45.227","timezone_id":"Indian/Mayotte","localtime":"2024-12-01 15:05","localtime_epoch":1733065500,"utc_offset":"3.0"},"current":{"observation_time":"12:05 PM","temperature":28,"weather_code":302,"weather_icons":["https://cdn.worldweatheronline.com/images/wsymbols01_png_64/wsymbol_0018_cloudy_with_heavy_rain.png"],"weather_descriptions":["Rain Shower"],"wind_speed":22,"wind_degree":209,"wind_dir":"SSW","pressure":1008,"precip":1,"humidity":79,"cloudcover":75,"feelslike":32,"uv_index":5,"visibility":10,"is_day":"yes"}}
