﻿{"request":{"type":"City","query":"Mamoudzou, Mayotte","language":"en","unit":"m"},"location":{"name":"Mamoudzou","country":"Mayotte","region":"","lat":"-12.779","lon":"45.227","timezone_id":"Indian/Mayotte","localtime":"2024-11-29 07:22","localtime_epoch":1732864920,"utc_offset":"3.0"},"current":{"observation_time":"04:22 AM","temperature":28,"weather_code":116,"weather_icons":["https://cdn.worldweatheronline.com/images/wsymbols01_png_64/wsymbol_0002_sunny_intervals.png"],"weather_descriptions":["Partly cloudy"],"wind_speed":26,"wind_degree":27,"wind_dir":"NNE","pressure":1012,"precip":0,"humidity":84,"cloudcover":25,"feelslike":33,"uv_index":1,"visibility":10,"is_day":"yes"}}
