﻿{"request":{"type":"City","query":"Monaco-Ville, Monaco","language":"en","unit":"m"},"location":{"name":"Monaco-Ville","country":"Monaco","region":"","lat":"43.733","lon":"7.417","timezone_id":"Europe/Monaco","localtime":"2024-11-29 05:41","localtime_epoch":1732858860,"utc_offset":"1.0"},"current":{"observation_time":"04:41 AM","temperature":11,"weather_code":113,"weather_icons":["https://cdn.worldweatheronline.com/images/wsymbols01_png_64/wsymbol_0008_clear_sky_night.png"],"weather_descriptions":["Clear"],"wind_speed":7,"wind_degree":351,"wind_dir":"N","pressure":1021,"precip":0,"humidity":82,"cloudcover":0,"feelslike":11,"uv_index":0,"visibility":10,"is_day":"no"}}
