﻿{"request":{"type":"City","query":"Monaco-Ville, Monaco","language":"en","unit":"m"},"location":{"name":"Monaco-Ville","country":"Monaco","region":"","lat":"43.733","lon":"7.417","timezone_id":"Europe/Monaco","localtime":"2024-12-01 13:07","localtime_epoch":1733058420,"utc_offset":"1.0"},"current":{"observation_time":"12:07 PM","temperature":14,"weather_code":113,"weather_icons":["https://cdn.worldweatheronline.com/images/wsymbols01_png_64/wsymbol_0001_sunny.png"],"weather_descriptions":["Sunny"],"wind_speed":5,"wind_degree":203,"wind_dir":"SSW","pressure":1024,"precip":0,"humidity":44,"cloudcover":0,"feelslike":14,"uv_index":1,"visibility":10,"is_day":"yes"}}
