﻿{"request":{"type":"City","query":"Ulan Bator, Mongolia","language":"en","unit":"m"},"location":{"name":"Ulan Bator","country":"Mongolia","region":"Ulaanbaatar","lat":"47.917","lon":"106.917","timezone_id":"Asia/Ulaanbaatar","localtime":"2024-12-01 20:17","localtime_epoch":1733084220,"utc_offset":"8.0"},"current":{"observation_time":"12:17 PM","temperature":-20,"weather_code":113,"weather_icons":["https://cdn.worldweatheronline.com/images/wsymbols01_png_64/wsymbol_0008_clear_sky_night.png"],"weather_descriptions":["Clear "],"wind_speed":4,"wind_degree":93,"wind_dir":"E","pressure":1032,"precip":0,"humidity":76,"cloudcover":6,"feelslike":-20,"uv_index":0,"visibility":10,"is_day":"no"}}
