﻿{"request":{"type":"City","query":"Ulan Bator, Mongolia","language":"en","unit":"m"},"location":{"name":"Ulan Bator","country":"Mongolia","region":"Ulaanbaatar","lat":"47.917","lon":"106.917","timezone_id":"Asia/Ulaanbaatar","localtime":"2024-11-29 13:40","localtime_epoch":1732887600,"utc_offset":"8.0"},"current":{"observation_time":"05:40 AM","temperature":-10,"weather_code":113,"weather_icons":["https://cdn.worldweatheronline.com/images/wsymbols01_png_64/wsymbol_0001_sunny.png"],"weather_descriptions":["Sunny"],"wind_speed":4,"wind_degree":69,"wind_dir":"ENE","pressure":1024,"precip":0,"humidity":84,"cloudcover":2,"feelslike":-12,"uv_index":1,"visibility":10,"is_day":"yes"}}
