﻿{"request":{"type":"City","query":"Montenegro, Brazil","language":"en","unit":"m"},"location":{"name":"Montenegro","country":"Brazil","region":"Rio Grande do Sul","lat":"-29.700","lon":"-51.467","timezone_id":"America/Sao_Paulo","localtime":"2024-12-01 09:08","localtime_epoch":1733044080,"utc_offset":"-3.0"},"current":{"observation_time":"12:08 PM","temperature":23,"weather_code":116,"weather_icons":["https://cdn.worldweatheronline.com/images/wsymbols01_png_64/wsymbol_0002_sunny_intervals.png"],"weather_descriptions":["Partly cloudy"],"wind_speed":6,"wind_degree":91,"wind_dir":"E","pressure":1010,"precip":0,"humidity":69,"cloudcover":25,"feelslike":25,"uv_index":5,"visibility":10,"is_day":"yes"}}
