﻿{"request":{"type":"City","query":"Montenegro, Brazil","language":"en","unit":"m"},"location":{"name":"Montenegro","country":"Brazil","region":"Rio Grande do Sul","lat":"-29.700","lon":"-51.467","timezone_id":"America/Sao_Paulo","localtime":"2024-11-29 01:42","localtime_epoch":1732844520,"utc_offset":"-3.0"},"current":{"observation_time":"04:42 AM","temperature":22,"weather_code":116,"weather_icons":["https://cdn.worldweatheronline.com/images/wsymbols01_png_64/wsymbol_0004_black_low_cloud.png"],"weather_descriptions":["Partly cloudy"],"wind_speed":9,"wind_degree":112,"wind_dir":"ESE","pressure":1012,"precip":0,"humidity":88,"cloudcover":75,"feelslike":25,"uv_index":0,"visibility":10,"is_day":"no"}}
