﻿{"request":{"type":"City","query":"Rabat, Morocco","language":"en","unit":"m"},"location":{"name":"Rabat","country":"Morocco","region":"","lat":"34.025","lon":"-6.836","timezone_id":"Africa/Casablanca","localtime":"2024-11-29 05:34","localtime_epoch":1732858440,"utc_offset":"1.0"},"current":{"observation_time":"04:34 AM","temperature":20,"weather_code":113,"weather_icons":["https://cdn.worldweatheronline.com/images/wsymbols01_png_64/wsymbol_0008_clear_sky_night.png"],"weather_descriptions":["Clear "],"wind_speed":4,"wind_degree":151,"wind_dir":"SSE","pressure":1024,"precip":0,"humidity":52,"cloudcover":18,"feelslike":20,"uv_index":0,"visibility":10,"is_day":"no"}}
