﻿{"request":{"type":"City","query":"Rabat, Morocco","language":"en","unit":"m"},"location":{"name":"Rabat","country":"Morocco","region":"","lat":"34.025","lon":"-6.836","timezone_id":"Africa/Casablanca","localtime":"2024-12-01 13:06","localtime_epoch":1733058360,"utc_offset":"1.0"},"current":{"observation_time":"12:06 PM","temperature":24,"weather_code":116,"weather_icons":["https://cdn.worldweatheronline.com/images/wsymbols01_png_64/wsymbol_0002_sunny_intervals.png"],"weather_descriptions":["Partly cloudy"],"wind_speed":15,"wind_degree":278,"wind_dir":"W","pressure":1022,"precip":0,"humidity":29,"cloudcover":50,"feelslike":25,"uv_index":2,"visibility":5,"is_day":"yes"}}
