﻿{"request":{"type":"City","query":"Maputo, Mozambique","language":"en","unit":"m"},"location":{"name":"Maputo","country":"Mozambique","region":"Maputo","lat":"-25.965","lon":"32.589","timezone_id":"Africa/Maputo","localtime":"2024-12-01 14:05","localtime_epoch":1733061900,"utc_offset":"2.0"},"current":{"observation_time":"12:05 PM","temperature":28,"weather_code":116,"weather_icons":["https://cdn.worldweatheronline.com/images/wsymbols01_png_64/wsymbol_0002_sunny_intervals.png"],"weather_descriptions":["Partly cloudy"],"wind_speed":24,"wind_degree":86,"wind_dir":"E","pressure":1014,"precip":0,"humidity":58,"cloudcover":50,"feelslike":29,"uv_index":9,"visibility":10,"is_day":"yes"}}
