﻿{"request":{"type":"City","query":"Maputo, Mozambique","language":"en","unit":"m"},"location":{"name":"Maputo","country":"Mozambique","region":"Maputo","lat":"-25.965","lon":"32.589","timezone_id":"Africa/Maputo","localtime":"2024-11-29 06:34","localtime_epoch":1732862040,"utc_offset":"2.0"},"current":{"observation_time":"04:34 AM","temperature":21,"weather_code":116,"weather_icons":["https://cdn.worldweatheronline.com/images/wsymbols01_png_64/wsymbol_0002_sunny_intervals.png"],"weather_descriptions":["Partly cloudy"],"wind_speed":22,"wind_degree":200,"wind_dir":"SSW","pressure":1020,"precip":0,"humidity":64,"cloudcover":50,"feelslike":21,"uv_index":0,"visibility":10,"is_day":"yes"}}
