﻿{"request":{"type":"City","query":"Yangon, Myanmar","language":"en","unit":"m"},"location":{"name":"Yangon","country":"Myanmar","region":"Yangon","lat":"16.783","lon":"96.167","timezone_id":"Asia/Yangon","localtime":"2024-12-01 19:01","localtime_epoch":1733079660,"utc_offset":"6.50"},"current":{"observation_time":"12:31 PM","temperature":27,"weather_code":116,"weather_icons":["https://cdn.worldweatheronline.com/images/wsymbols01_png_64/wsymbol_0004_black_low_cloud.png"],"weather_descriptions":["Partly cloudy"],"wind_speed":4,"wind_degree":303,"wind_dir":"WNW","pressure":1008,"precip":0,"humidity":84,"cloudcover":50,"feelslike":30,"uv_index":0,"visibility":6,"is_day":"no"}}
