﻿{"request":{"type":"City","query":"Yangon, Myanmar","language":"en","unit":"m"},"location":{"name":"Yangon","country":"Myanmar","region":"Yangon","lat":"16.783","lon":"96.167","timezone_id":"Asia/Yangon","localtime":"2024-11-29 12:23","localtime_epoch":1732882980,"utc_offset":"6.50"},"current":{"observation_time":"05:53 AM","temperature":31,"weather_code":116,"weather_icons":["https://cdn.worldweatheronline.com/images/wsymbols01_png_64/wsymbol_0002_sunny_intervals.png"],"weather_descriptions":["Partly cloudy"],"wind_speed":9,"wind_degree":63,"wind_dir":"ENE","pressure":1012,"precip":0,"humidity":71,"cloudcover":75,"feelslike":35,"uv_index":8,"visibility":8,"is_day":"yes"}}
