﻿{"request":{"type":"City","query":"Windhoek, Namibia","language":"en","unit":"m"},"location":{"name":"Windhoek","country":"Namibia","region":"Windhoek","lat":"-22.572","lon":"17.082","timezone_id":"Africa/Windhoek","localtime":"2024-11-29 06:46","localtime_epoch":1732862760,"utc_offset":"2.0"},"current":{"observation_time":"04:46 AM","temperature":19,"weather_code":113,"weather_icons":["https://cdn.worldweatheronline.com/images/wsymbols01_png_64/wsymbol_0001_sunny.png"],"weather_descriptions":["Sunny"],"wind_speed":19,"wind_degree":98,"wind_dir":"E","pressure":1018,"precip":0,"humidity":14,"cloudcover":0,"feelslike":19,"uv_index":0,"visibility":10,"is_day":"yes"}}
