﻿{"request":{"type":"City","query":"Windhoek, Namibia","language":"en","unit":"m"},"location":{"name":"Windhoek","country":"Namibia","region":"Windhoek","lat":"-22.572","lon":"17.082","timezone_id":"Africa/Windhoek","localtime":"2024-12-01 14:06","localtime_epoch":1733061960,"utc_offset":"2.0"},"current":{"observation_time":"12:06 PM","temperature":33,"weather_code":113,"weather_icons":["https://cdn.worldweatheronline.com/images/wsymbols01_png_64/wsymbol_0001_sunny.png"],"weather_descriptions":["Sunny"],"wind_speed":15,"wind_degree":311,"wind_dir":"NW","pressure":1022,"precip":0,"humidity":11,"cloudcover":0,"feelslike":31,"uv_index":14,"visibility":10,"is_day":"yes"}}
