﻿{"request":{"type":"City","query":"Aneber, Nauru Island","language":"en","unit":"m"},"location":{"name":"Aneber","country":"Nauru Island","region":"","lat":"-0.517","lon":"166.950","timezone_id":"Pacific/Nauru","localtime":"2024-11-29 17:01","localtime_epoch":1732899660,"utc_offset":"12.0"},"current":{"observation_time":"05:01 AM","temperature":28,"weather_code":119,"weather_icons":["https://cdn.worldweatheronline.com/images/wsymbols01_png_64/wsymbol_0003_white_cloud.png"],"weather_descriptions":["Cloudy "],"wind_speed":14,"wind_degree":84,"wind_dir":"E","pressure":1005,"precip":0,"humidity":73,"cloudcover":65,"feelslike":31,"uv_index":2,"visibility":10,"is_day":"yes"}}
