﻿{"request":{"type":"City","query":"Aneber, Nauru Island","language":"en","unit":"m"},"location":{"name":"Aneber","country":"Nauru Island","region":"","lat":"-0.517","lon":"166.950","timezone_id":"Pacific/Nauru","localtime":"2024-12-02 00:26","localtime_epoch":1733099160,"utc_offset":"12.0"},"current":{"observation_time":"12:26 PM","temperature":28,"weather_code":176,"weather_icons":["https://cdn.worldweatheronline.com/images/wsymbols01_png_64/wsymbol_0025_light_rain_showers_night.png"],"weather_descriptions":["Patchy rain nearby"],"wind_speed":22,"wind_degree":67,"wind_dir":"ENE","pressure":1008,"precip":0,"humidity":77,"cloudcover":61,"feelslike":31,"uv_index":0,"visibility":10,"is_day":"no"}}
