﻿{"request":{"type":"City","query":"Kathmandu, Nepal","language":"en","unit":"m"},"location":{"name":"Kathmandu","country":"Nepal","region":"","lat":"27.717","lon":"85.317","timezone_id":"Asia/Kathmandu","localtime":"2024-12-01 18:16","localtime_epoch":1733076960,"utc_offset":"5.75"},"current":{"observation_time":"12:31 PM","temperature":10,"weather_code":113,"weather_icons":["https://cdn.worldweatheronline.com/images/wsymbols01_png_64/wsymbol_0008_clear_sky_night.png"],"weather_descriptions":["Clear "],"wind_speed":4,"wind_degree":248,"wind_dir":"WSW","pressure":1013,"precip":0,"humidity":78,"cloudcover":7,"feelslike":10,"uv_index":0,"visibility":10,"is_day":"no"}}
