﻿{"request":{"type":"City","query":"Kathmandu, Nepal","language":"en","unit":"m"},"location":{"name":"Kathmandu","country":"Nepal","region":"","lat":"27.717","lon":"85.317","timezone_id":"Asia/Kathmandu","localtime":"2024-11-29 11:26","localtime_epoch":1732879560,"utc_offset":"5.75"},"current":{"observation_time":"05:41 AM","temperature":17,"weather_code":116,"weather_icons":["https://cdn.worldweatheronline.com/images/wsymbols01_png_64/wsymbol_0002_sunny_intervals.png"],"weather_descriptions":["Partly cloudy"],"wind_speed":4,"wind_degree":234,"wind_dir":"SW","pressure":1023,"precip":0,"humidity":59,"cloudcover":25,"feelslike":17,"uv_index":5,"visibility":6,"is_day":"yes"}}
