﻿{"request":{"type":"City","query":"Abuja, Nigeria","language":"en","unit":"m"},"location":{"name":"Abuja","country":"Nigeria","region":"Federal Capital Territory","lat":"9.176","lon":"7.181","timezone_id":"Africa/Lagos","localtime":"2024-11-29 05:30","localtime_epoch":1732858200,"utc_offset":"1.0"},"current":{"observation_time":"04:30 AM","temperature":19,"weather_code":113,"weather_icons":["https://cdn.worldweatheronline.com/images/wsymbols01_png_64/wsymbol_0008_clear_sky_night.png"],"weather_descriptions":["Clear"],"wind_speed":9,"wind_degree":56,"wind_dir":"NE","pressure":1015,"precip":0,"humidity":56,"cloudcover":0,"feelslike":19,"uv_index":0,"visibility":10,"is_day":"no"}}
