﻿{"request":{"type":"City","query":"Abuja, Nigeria","language":"en","unit":"m"},"location":{"name":"Abuja","country":"Nigeria","region":"Federal Capital Territory","lat":"9.176","lon":"7.181","timezone_id":"Africa/Lagos","localtime":"2024-12-01 12:51","localtime_epoch":1733057460,"utc_offset":"1.0"},"current":{"observation_time":"11:51 AM","temperature":34,"weather_code":113,"weather_icons":["https://cdn.worldweatheronline.com/images/wsymbols01_png_64/wsymbol_0001_sunny.png"],"weather_descriptions":["Sunny"],"wind_speed":4,"wind_degree":65,"wind_dir":"ENE","pressure":1013,"precip":0,"humidity":26,"cloudcover":0,"feelslike":32,"uv_index":8,"visibility":8,"is_day":"yes"}}
