﻿{"request":{"type":"City","query":"Alofi, Niue","language":"en","unit":"m"},"location":{"name":"Alofi","country":"Niue","region":"","lat":"-19.017","lon":"-169.917","timezone_id":"Pacific/Niue","localtime":"2024-12-01 01:07","localtime_epoch":1733015220,"utc_offset":"-11.0"},"current":{"observation_time":"12:07 PM","temperature":24,"weather_code":116,"weather_icons":["https://cdn.worldweatheronline.com/images/wsymbols01_png_64/wsymbol_0004_black_low_cloud.png"],"weather_descriptions":["Partly cloudy"],"wind_speed":21,"wind_degree":31,"wind_dir":"NNE","pressure":1011,"precip":0.2,"humidity":94,"cloudcover":75,"feelslike":26,"uv_index":0,"visibility":10,"is_day":"no"}}
