﻿{"request":{"type":"City","query":"Alofi, Niue","language":"en","unit":"m"},"location":{"name":"Alofi","country":"Niue","region":"","lat":"-19.017","lon":"-169.917","timezone_id":"Pacific/Niue","localtime":"2024-11-28 17:49","localtime_epoch":1732816140,"utc_offset":"-11.0"},"current":{"observation_time":"04:49 AM","temperature":26,"weather_code":116,"weather_icons":["https://cdn.worldweatheronline.com/images/wsymbols01_png_64/wsymbol_0002_sunny_intervals.png"],"weather_descriptions":["Partly cloudy"],"wind_speed":30,"wind_degree":120,"wind_dir":"ESE","pressure":1008,"precip":0,"humidity":84,"cloudcover":75,"feelslike":29,"uv_index":2,"visibility":10,"is_day":"yes"}}
