﻿{"request":{"type":"City","query":"Oslo, Norway","language":"en","unit":"m"},"location":{"name":"Oslo","country":"Norway","region":"Oslo","lat":"59.917","lon":"10.750","timezone_id":"Europe/Oslo","localtime":"2024-11-29 05:29","localtime_epoch":1732858140,"utc_offset":"1.0"},"current":{"observation_time":"04:29 AM","temperature":-2,"weather_code":116,"weather_icons":["https://cdn.worldweatheronline.com/images/wsymbols01_png_64/wsymbol_0004_black_low_cloud.png"],"weather_descriptions":["Partly cloudy"],"wind_speed":4,"wind_degree":211,"wind_dir":"SSW","pressure":1025,"precip":0,"humidity":93,"cloudcover":75,"feelslike":-3,"uv_index":0,"visibility":10,"is_day":"no"}}
