﻿{"request":{"type":"City","query":"Oslo, Norway","language":"en","unit":"m"},"location":{"name":"Oslo","country":"Norway","region":"Oslo","lat":"59.917","lon":"10.750","timezone_id":"Europe/Oslo","localtime":"2024-12-01 13:08","localtime_epoch":1733058480,"utc_offset":"1.0"},"current":{"observation_time":"12:08 PM","temperature":11,"weather_code":116,"weather_icons":["https://cdn.worldweatheronline.com/images/wsymbols01_png_64/wsymbol_0002_sunny_intervals.png"],"weather_descriptions":["Partly cloudy"],"wind_speed":19,"wind_degree":196,"wind_dir":"SSW","pressure":996,"precip":0,"humidity":87,"cloudcover":75,"feelslike":9,"uv_index":0,"visibility":7,"is_day":"yes"}}
