﻿{"request":{"type":"City","query":"Islamabad, Pakistan","language":"en","unit":"m"},"location":{"name":"Islamabad","country":"Pakistan","region":"Islamabad","lat":"33.700","lon":"73.167","timezone_id":"Asia/Karachi","localtime":"2024-12-01 17:17","localtime_epoch":1733073420,"utc_offset":"5.0"},"current":{"observation_time":"12:17 PM","temperature":17,"weather_code":116,"weather_icons":["https://cdn.worldweatheronline.com/images/wsymbols01_png_64/wsymbol_0004_black_low_cloud.png"],"weather_descriptions":["Partly Cloudy "],"wind_speed":5,"wind_degree":283,"wind_dir":"WNW","pressure":1012,"precip":0,"humidity":38,"cloudcover":44,"feelslike":17,"uv_index":0,"visibility":10,"is_day":"no"}}
