﻿{"request":{"type":"City","query":"Islamabad, Pakistan","language":"en","unit":"m"},"location":{"name":"Islamabad","country":"Pakistan","region":"Islamabad","lat":"33.700","lon":"73.167","timezone_id":"Asia/Karachi","localtime":"2024-11-29 10:40","localtime_epoch":1732876800,"utc_offset":"5.0"},"current":{"observation_time":"05:40 AM","temperature":19,"weather_code":113,"weather_icons":["https://cdn.worldweatheronline.com/images/wsymbols01_png_64/wsymbol_0001_sunny.png"],"weather_descriptions":["Sunny"],"wind_speed":4,"wind_degree":249,"wind_dir":"WSW","pressure":1019,"precip":0,"humidity":18,"cloudcover":10,"feelslike":19,"uv_index":2,"visibility":10,"is_day":"yes"}}
