﻿{"request":{"type":"City","query":"Palau, Mexico","language":"en","unit":"m"},"location":{"name":"Palau","country":"Mexico","region":"Coahuila","lat":"27.892","lon":"-101.423","timezone_id":"America/Monterrey","localtime":"2024-11-28 22:49","localtime_epoch":1732834140,"utc_offset":"-6.0"},"current":{"observation_time":"04:49 AM","temperature":16,"weather_code":122,"weather_icons":["https://cdn.worldweatheronline.com/images/wsymbols01_png_64/wsymbol_0004_black_low_cloud.png"],"weather_descriptions":["Overcast "],"wind_speed":11,"wind_degree":16,"wind_dir":"NNE","pressure":1021,"precip":0,"humidity":46,"cloudcover":96,"feelslike":16,"uv_index":0,"visibility":10,"is_day":"no"}}
