﻿{"request":{"type":"City","query":"Palau, Mexico","language":"en","unit":"m"},"location":{"name":"Palau","country":"Mexico","region":"Coahuila","lat":"27.892","lon":"-101.423","timezone_id":"America/Monterrey","localtime":"2024-12-01 06:13","localtime_epoch":1733033580,"utc_offset":"-6.0"},"current":{"observation_time":"12:13 PM","temperature":8,"weather_code":113,"weather_icons":["https://cdn.worldweatheronline.com/images/wsymbols01_png_64/wsymbol_0008_clear_sky_night.png"],"weather_descriptions":["Clear "],"wind_speed":4,"wind_degree":129,"wind_dir":"SE","pressure":1024,"precip":0,"humidity":60,"cloudcover":10,"feelslike":8,"uv_index":0,"visibility":10,"is_day":"no"}}
