﻿{"request":{"type":"City","query":"Asuncion, Paraguay","language":"en","unit":"m"},"location":{"name":"Asuncion","country":"Paraguay","region":"Central","lat":"-25.267","lon":"-57.667","timezone_id":"America/Asuncion","localtime":"2024-11-27 02:21","localtime_epoch":1732674060,"utc_offset":"-3.0"},"current":{"observation_time":"05:21 AM","temperature":26,"weather_code":113,"weather_icons":["https://cdn.worldweatheronline.com/images/wsymbols01_png_64/wsymbol_0008_clear_sky_night.png"],"weather_descriptions":["Clear"],"wind_speed":8,"wind_degree":36,"wind_dir":"NE","pressure":1005,"precip":0,"humidity":84,"cloudcover":0,"feelslike":26,"uv_index":0,"visibility":9,"is_day":"no"}}
