﻿{"request":{"type":"City","query":"Asuncion, Paraguay","language":"en","unit":"m"},"location":{"name":"Asuncion","country":"Paraguay","region":"Central","lat":"-25.267","lon":"-57.667","timezone_id":"America/Asuncion","localtime":"2024-12-01 09:32","localtime_epoch":1733045520,"utc_offset":"-3.0"},"current":{"observation_time":"12:32 PM","temperature":30,"weather_code":116,"weather_icons":["https://cdn.worldweatheronline.com/images/wsymbols01_png_64/wsymbol_0002_sunny_intervals.png"],"weather_descriptions":["Partly cloudy"],"wind_speed":18,"wind_degree":11,"wind_dir":"NNE","pressure":1007,"precip":0,"humidity":79,"cloudcover":75,"feelslike":33,"uv_index":4,"visibility":10,"is_day":"yes"}}
