﻿{"request":{"type":"City","query":"Lima, Peru","language":"en","unit":"m"},"location":{"name":"Lima","country":"Peru","region":"Lima","lat":"-12.050","lon":"-77.050","timezone_id":"America/Lima","localtime":"2024-12-01 07:18","localtime_epoch":1733037480,"utc_offset":"-5.0"},"current":{"observation_time":"12:18 PM","temperature":19,"weather_code":122,"weather_icons":["https://cdn.worldweatheronline.com/images/wsymbols01_png_64/wsymbol_0004_black_low_cloud.png"],"weather_descriptions":["Overcast "],"wind_speed":11,"wind_degree":183,"wind_dir":"S","pressure":1014,"precip":0,"humidity":90,"cloudcover":100,"feelslike":19,"uv_index":0,"visibility":10,"is_day":"yes"}}
