﻿{"request":{"type":"City","query":"Lima, Peru","language":"en","unit":"m"},"location":{"name":"Lima","country":"Peru","region":"Lima","lat":"-12.050","lon":"-77.050","timezone_id":"America/Lima","localtime":"2024-11-27 00:21","localtime_epoch":1732666860,"utc_offset":"-5.0"},"current":{"observation_time":"05:21 AM","temperature":18,"weather_code":119,"weather_icons":["https://cdn.worldweatheronline.com/images/wsymbols01_png_64/wsymbol_0004_black_low_cloud.png"],"weather_descriptions":["Cloudy "],"wind_speed":10,"wind_degree":184,"wind_dir":"S","pressure":1013,"precip":0,"humidity":83,"cloudcover":85,"feelslike":18,"uv_index":0,"visibility":10,"is_day":"no"}}
