﻿{"request":{"type":"City","query":"Adamstown, Pitcairn Island","language":"en","unit":"m"},"location":{"name":"Adamstown","country":"Pitcairn Island","region":"","lat":"-25.067","lon":"-130.083","timezone_id":"Pacific/Pitcairn","localtime":"2024-12-01 04:12","localtime_epoch":1733026320,"utc_offset":"-8.0"},"current":{"observation_time":"12:12 PM","temperature":23,"weather_code":116,"weather_icons":["https://cdn.worldweatheronline.com/images/wsymbols01_png_64/wsymbol_0004_black_low_cloud.png"],"weather_descriptions":["Partly Cloudy "],"wind_speed":14,"wind_degree":69,"wind_dir":"ENE","pressure":1020,"precip":0,"humidity":83,"cloudcover":48,"feelslike":25,"uv_index":0,"visibility":10,"is_day":"no"}}
