﻿{"request":{"type":"City","query":"Adamstown, Pitcairn Island","language":"en","unit":"m"},"location":{"name":"Adamstown","country":"Pitcairn Island","region":"","lat":"-25.067","lon":"-130.083","timezone_id":"Pacific/Pitcairn","localtime":"2024-11-28 20:49","localtime_epoch":1732826940,"utc_offset":"-8.0"},"current":{"observation_time":"04:49 AM","temperature":23,"weather_code":116,"weather_icons":["https://cdn.worldweatheronline.com/images/wsymbols01_png_64/wsymbol_0004_black_low_cloud.png"],"weather_descriptions":["Partly Cloudy "],"wind_speed":22,"wind_degree":81,"wind_dir":"E","pressure":1020,"precip":0,"humidity":81,"cloudcover":43,"feelslike":25,"uv_index":0,"visibility":10,"is_day":"no"}}
