﻿{"request":{"type":"City","query":"Warsaw, Poland","language":"en","unit":"m"},"location":{"name":"Warsaw","country":"Poland","region":"","lat":"52.250","lon":"21.000","timezone_id":"Europe/Warsaw","localtime":"2024-12-01 13:08","localtime_epoch":1733058480,"utc_offset":"1.0"},"current":{"observation_time":"12:08 PM","temperature":3,"weather_code":116,"weather_icons":["https://cdn.worldweatheronline.com/images/wsymbols01_png_64/wsymbol_0002_sunny_intervals.png"],"weather_descriptions":["Partly cloudy"],"wind_speed":9,"wind_degree":160,"wind_dir":"SSE","pressure":1030,"precip":0,"humidity":100,"cloudcover":75,"feelslike":1,"uv_index":0,"visibility":6,"is_day":"yes"}}
