﻿{"request":{"type":"City","query":"Warsaw, Poland","language":"en","unit":"m"},"location":{"name":"Warsaw","country":"Poland","region":"","lat":"52.250","lon":"21.000","timezone_id":"Europe/Warsaw","localtime":"2024-11-29 05:29","localtime_epoch":1732858140,"utc_offset":"1.0"},"current":{"observation_time":"04:29 AM","temperature":5,"weather_code":296,"weather_icons":["https://cdn.worldweatheronline.com/images/wsymbols01_png_64/wsymbol_0033_cloudy_with_light_rain_night.png"],"weather_descriptions":["Light Rain, Mist"],"wind_speed":7,"wind_degree":23,"wind_dir":"NNE","pressure":1018,"precip":0.1,"humidity":100,"cloudcover":75,"feelslike":4,"uv_index":0,"visibility":9,"is_day":"no"}}
