﻿{"request":{"type":"City","query":"Lisbon, Portugal","language":"en","unit":"m"},"location":{"name":"Lisbon","country":"Portugal","region":"Lisboa","lat":"38.717","lon":"-9.133","timezone_id":"Europe/Lisbon","localtime":"2024-11-29 04:42","localtime_epoch":1732855320,"utc_offset":"0.0"},"current":{"observation_time":"04:42 AM","temperature":16,"weather_code":116,"weather_icons":["https://cdn.worldweatheronline.com/images/wsymbols01_png_64/wsymbol_0004_black_low_cloud.png"],"weather_descriptions":["Partly cloudy"],"wind_speed":9,"wind_degree":164,"wind_dir":"SSE","pressure":1022,"precip":0,"humidity":100,"cloudcover":75,"feelslike":16,"uv_index":0,"visibility":10,"is_day":"no"}}
