﻿{"request":{"type":"City","query":"Lisbon, Portugal","language":"en","unit":"m"},"location":{"name":"Lisbon","country":"Portugal","region":"Lisboa","lat":"38.717","lon":"-9.133","timezone_id":"Europe/Lisbon","localtime":"2024-12-01 12:08","localtime_epoch":1733054880,"utc_offset":"0.0"},"current":{"observation_time":"12:08 PM","temperature":16,"weather_code":113,"weather_icons":["https://cdn.worldweatheronline.com/images/wsymbols01_png_64/wsymbol_0001_sunny.png"],"weather_descriptions":["Sunny"],"wind_speed":11,"wind_degree":54,"wind_dir":"NE","pressure":1023,"precip":0,"humidity":82,"cloudcover":0,"feelslike":16,"uv_index":2,"visibility":10,"is_day":"yes"}}
