﻿{"request":{"type":"City","query":"Bucharest, Romania","language":"en","unit":"m"},"location":{"name":"Bucharest","country":"Romania","region":"Bucuresti","lat":"44.433","lon":"26.100","timezone_id":"Europe/Bucharest","localtime":"2024-11-29 06:29","localtime_epoch":1732861740,"utc_offset":"2.0"},"current":{"observation_time":"04:29 AM","temperature":3,"weather_code":143,"weather_icons":["https://cdn.worldweatheronline.com/images/wsymbols01_png_64/wsymbol_0006_mist.png"],"weather_descriptions":["Mist"],"wind_speed":5,"wind_degree":282,"wind_dir":"WNW","pressure":1020,"precip":0,"humidity":100,"cloudcover":0,"feelslike":2,"uv_index":0,"visibility":3,"is_day":"no"}}
