﻿{"request":{"type":"City","query":"Bucharest, Romania","language":"en","unit":"m"},"location":{"name":"Bucharest","country":"Romania","region":"Bucuresti","lat":"44.433","lon":"26.100","timezone_id":"Europe/Bucharest","localtime":"2024-12-01 14:08","localtime_epoch":1733062080,"utc_offset":"2.0"},"current":{"observation_time":"12:08 PM","temperature":5,"weather_code":122,"weather_icons":["https://cdn.worldweatheronline.com/images/wsymbols01_png_64/wsymbol_0004_black_low_cloud.png"],"weather_descriptions":["Overcast"],"wind_speed":26,"wind_degree":62,"wind_dir":"ENE","pressure":1031,"precip":0,"humidity":81,"cloudcover":100,"feelslike":1,"uv_index":1,"visibility":10,"is_day":"yes"}}
