﻿{"request":{"type":"City","query":"Kigali, Rwanda","language":"en","unit":"m"},"location":{"name":"Kigali","country":"Rwanda","region":"Kigali","lat":"-1.954","lon":"30.061","timezone_id":"Africa/Kigali","localtime":"2024-12-01 14:05","localtime_epoch":1733061900,"utc_offset":"2.0"},"current":{"observation_time":"12:05 PM","temperature":24,"weather_code":116,"weather_icons":["https://cdn.worldweatheronline.com/images/wsymbols01_png_64/wsymbol_0002_sunny_intervals.png"],"weather_descriptions":["Partly cloudy"],"wind_speed":6,"wind_degree":16,"wind_dir":"NNE","pressure":1018,"precip":1.1,"humidity":65,"cloudcover":50,"feelslike":26,"uv_index":7,"visibility":10,"is_day":"yes"}}
