﻿{"request":{"type":"City","query":"Kigali, Rwanda","language":"en","unit":"m"},"location":{"name":"Kigali","country":"Rwanda","region":"Kigali","lat":"-1.954","lon":"30.061","timezone_id":"Africa/Kigali","localtime":"2024-11-29 06:34","localtime_epoch":1732862040,"utc_offset":"2.0"},"current":{"observation_time":"04:34 AM","temperature":17,"weather_code":143,"weather_icons":["https://cdn.worldweatheronline.com/images/wsymbols01_png_64/wsymbol_0006_mist.png"],"weather_descriptions":["Mist"],"wind_speed":4,"wind_degree":323,"wind_dir":"NW","pressure":1023,"precip":0,"humidity":100,"cloudcover":75,"feelslike":17,"uv_index":0,"visibility":3,"is_day":"yes"}}
