﻿{"request":{"type":"City","query":"Apia, Samoa","language":"en","unit":"m"},"location":{"name":"Apia","country":"Samoa","region":"","lat":"-13.833","lon":"-171.733","timezone_id":"Pacific/Apia","localtime":"2024-12-02 01:07","localtime_epoch":1733101620,"utc_offset":"13.0"},"current":{"observation_time":"12:07 PM","temperature":26,"weather_code":116,"weather_icons":["https://cdn.worldweatheronline.com/images/wsymbols01_png_64/wsymbol_0004_black_low_cloud.png"],"weather_descriptions":["Partly cloudy"],"wind_speed":26,"wind_degree":98,"wind_dir":"E","pressure":1010,"precip":0,"humidity":84,"cloudcover":25,"feelslike":29,"uv_index":0,"visibility":10,"is_day":"no"}}
