﻿{"request":{"type":"City","query":"Apia, Samoa","language":"en","unit":"m"},"location":{"name":"Apia","country":"Samoa","region":"","lat":"-13.833","lon":"-171.733","timezone_id":"Pacific/Apia","localtime":"2024-11-29 18:01","localtime_epoch":1732903260,"utc_offset":"13.0"},"current":{"observation_time":"05:01 AM","temperature":29,"weather_code":116,"weather_icons":["https://cdn.worldweatheronline.com/images/wsymbols01_png_64/wsymbol_0002_sunny_intervals.png"],"weather_descriptions":["Partly cloudy"],"wind_speed":10,"wind_degree":17,"wind_dir":"NNE","pressure":1005,"precip":1,"humidity":75,"cloudcover":75,"feelslike":35,"uv_index":0,"visibility":10,"is_day":"yes"}}
