﻿{"request":{"type":"City","query":"Dakar, Senegal","language":"en","unit":"m"},"location":{"name":"Dakar","country":"Senegal","region":"Dakar","lat":"14.671","lon":"-17.438","timezone_id":"Africa/Dakar","localtime":"2024-11-29 04:34","localtime_epoch":1732854840,"utc_offset":"0.0"},"current":{"observation_time":"04:34 AM","temperature":24,"weather_code":113,"weather_icons":["https://cdn.worldweatheronline.com/images/wsymbols01_png_64/wsymbol_0008_clear_sky_night.png"],"weather_descriptions":["Clear"],"wind_speed":19,"wind_degree":47,"wind_dir":"NE","pressure":1012,"precip":0,"humidity":100,"cloudcover":0,"feelslike":26,"uv_index":0,"visibility":10,"is_day":"no"}}
