﻿{"request":{"type":"City","query":"Dakar, Senegal","language":"en","unit":"m"},"location":{"name":"Dakar","country":"Senegal","region":"Dakar","lat":"14.671","lon":"-17.438","timezone_id":"Africa/Dakar","localtime":"2024-12-01 12:05","localtime_epoch":1733054700,"utc_offset":"0.0"},"current":{"observation_time":"12:05 PM","temperature":30,"weather_code":113,"weather_icons":["https://cdn.worldweatheronline.com/images/wsymbols01_png_64/wsymbol_0001_sunny.png"],"weather_descriptions":["Sunny"],"wind_speed":18,"wind_degree":63,"wind_dir":"ENE","pressure":1014,"precip":0,"humidity":21,"cloudcover":0,"feelslike":30,"uv_index":5,"visibility":10,"is_day":"yes"}}
