﻿{"request":{"type":"City","query":"Belgrade, Serbia","language":"en","unit":"m"},"location":{"name":"Belgrade","country":"Serbia","region":"Central Serbia","lat":"44.804","lon":"20.465","timezone_id":"Europe/Belgrade","localtime":"2024-11-29 05:41","localtime_epoch":1732858860,"utc_offset":"1.0"},"current":{"observation_time":"04:41 AM","temperature":5,"weather_code":296,"weather_icons":["https://cdn.worldweatheronline.com/images/wsymbols01_png_64/wsymbol_0033_cloudy_with_light_rain_night.png"],"weather_descriptions":["Light Rain"],"wind_speed":14,"wind_degree":277,"wind_dir":"W","pressure":1024,"precip":0.5,"humidity":93,"cloudcover":75,"feelslike":2,"uv_index":0,"visibility":10,"is_day":"no"}}
