﻿{"request":{"type":"City","query":"Belgrade, Serbia","language":"en","unit":"m"},"location":{"name":"Belgrade","country":"Serbia","region":"Central Serbia","lat":"44.804","lon":"20.465","timezone_id":"Europe/Belgrade","localtime":"2024-12-01 12:54","localtime_epoch":1733057640,"utc_offset":"1.0"},"current":{"observation_time":"11:54 AM","temperature":7,"weather_code":113,"weather_icons":["https://cdn.worldweatheronline.com/images/wsymbols01_png_64/wsymbol_0001_sunny.png"],"weather_descriptions":["Sunny"],"wind_speed":23,"wind_degree":112,"wind_dir":"ESE","pressure":1028,"precip":0,"humidity":76,"cloudcover":0,"feelslike":4,"uv_index":1,"visibility":10,"is_day":"yes"}}
