﻿{"request":{"type":"City","query":"L'esperance, Seychelles Islands","language":"en","unit":"m"},"location":{"name":"L'esperance","country":"Seychelles Islands","region":"Beau Vallon","lat":"-4.717","lon":"55.483","timezone_id":"Indian/Mahe","localtime":"2024-11-29 08:34","localtime_epoch":1732869240,"utc_offset":"4.0"},"current":{"observation_time":"04:34 AM","temperature":29,"weather_code":116,"weather_icons":["https://cdn.worldweatheronline.com/images/wsymbols01_png_64/wsymbol_0002_sunny_intervals.png"],"weather_descriptions":["Partly cloudy"],"wind_speed":17,"wind_degree":248,"wind_dir":"WSW","pressure":1012,"precip":0,"humidity":70,"cloudcover":25,"feelslike":34,"uv_index":2,"visibility":10,"is_day":"yes"}}
