﻿{"request":{"type":"City","query":"L'esperance, Seychelles Islands","language":"en","unit":"m"},"location":{"name":"L'esperance","country":"Seychelles Islands","region":"Beau Vallon","lat":"-4.717","lon":"55.483","timezone_id":"Indian/Mahe","localtime":"2024-12-01 16:05","localtime_epoch":1733069100,"utc_offset":"4.0"},"current":{"observation_time":"12:05 PM","temperature":31,"weather_code":116,"weather_icons":["https://cdn.worldweatheronline.com/images/wsymbols01_png_64/wsymbol_0002_sunny_intervals.png"],"weather_descriptions":["Partly cloudy"],"wind_speed":26,"wind_degree":265,"wind_dir":"W","pressure":1008,"precip":0,"humidity":63,"cloudcover":50,"feelslike":40,"uv_index":3,"visibility":10,"is_day":"yes"}}
