﻿{"request":{"type":"City","query":"Singapore, Singapore","language":"en","unit":"m"},"location":{"name":"Singapore","country":"Singapore","region":"","lat":"1.293","lon":"103.856","timezone_id":"Asia/Singapore","localtime":"2024-11-29 13:53","localtime_epoch":1732888380,"utc_offset":"8.0"},"current":{"observation_time":"05:53 AM","temperature":26,"weather_code":296,"weather_icons":["https://cdn.worldweatheronline.com/images/wsymbols01_png_64/wsymbol_0017_cloudy_with_light_rain.png"],"weather_descriptions":["Light Rain"],"wind_speed":8,"wind_degree":275,"wind_dir":"W","pressure":1009,"precip":0.3,"humidity":94,"cloudcover":75,"feelslike":29,"uv_index":2,"visibility":8,"is_day":"yes"}}
