﻿{"request":{"type":"City","query":"Singapore, Singapore","language":"en","unit":"m"},"location":{"name":"Singapore","country":"Singapore","region":"","lat":"1.293","lon":"103.856","timezone_id":"Asia/Singapore","localtime":"2024-12-01 20:32","localtime_epoch":1733085120,"utc_offset":"8.0"},"current":{"observation_time":"12:32 PM","temperature":30,"weather_code":116,"weather_icons":["https://cdn.worldweatheronline.com/images/wsymbols01_png_64/wsymbol_0004_black_low_cloud.png"],"weather_descriptions":["Partly cloudy"],"wind_speed":24,"wind_degree":292,"wind_dir":"WNW","pressure":1007,"precip":0,"humidity":66,"cloudcover":50,"feelslike":37,"uv_index":0,"visibility":10,"is_day":"no"}}
