﻿{"request":{"type":"City","query":"Bratislava, Slovakia","language":"en","unit":"m"},"location":{"name":"Bratislava","country":"Slovakia","region":"Bratislava","lat":"48.150","lon":"17.117","timezone_id":"Europe/Bratislava","localtime":"2024-11-29 05:41","localtime_epoch":1732858860,"utc_offset":"1.0"},"current":{"observation_time":"04:41 AM","temperature":7,"weather_code":116,"weather_icons":["https://cdn.worldweatheronline.com/images/wsymbols01_png_64/wsymbol_0004_black_low_cloud.png"],"weather_descriptions":["Partly cloudy"],"wind_speed":31,"wind_degree":304,"wind_dir":"WNW","pressure":1023,"precip":0,"humidity":70,"cloudcover":75,"feelslike":3,"uv_index":0,"visibility":10,"is_day":"no"}}
