﻿{"request":{"type":"City","query":"Bratislava, Slovakia","language":"en","unit":"m"},"location":{"name":"Bratislava","country":"Slovakia","region":"Bratislava","lat":"48.150","lon":"17.117","timezone_id":"Europe/Bratislava","localtime":"2024-12-01 12:54","localtime_epoch":1733057640,"utc_offset":"1.0"},"current":{"observation_time":"11:54 AM","temperature":6,"weather_code":113,"weather_icons":["https://cdn.worldweatheronline.com/images/wsymbols01_png_64/wsymbol_0001_sunny.png"],"weather_descriptions":["Sunny"],"wind_speed":13,"wind_degree":122,"wind_dir":"ESE","pressure":1029,"precip":0,"humidity":70,"cloudcover":0,"feelslike":3,"uv_index":1,"visibility":10,"is_day":"yes"}}
