﻿{"request":{"type":"City","query":"Ljubljana, Slovenia","language":"en","unit":"m"},"location":{"name":"Ljubljana","country":"Slovenia","region":"Bohinj","lat":"46.055","lon":"14.514","timezone_id":"Europe/Ljubljana","localtime":"2024-12-01 12:54","localtime_epoch":1733057640,"utc_offset":"1.0"},"current":{"observation_time":"11:54 AM","temperature":4,"weather_code":116,"weather_icons":["https://cdn.worldweatheronline.com/images/wsymbols01_png_64/wsymbol_0002_sunny_intervals.png"],"weather_descriptions":["Partly cloudy"],"wind_speed":6,"wind_degree":100,"wind_dir":"E","pressure":1027,"precip":0,"humidity":81,"cloudcover":75,"feelslike":3,"uv_index":1,"visibility":10,"is_day":"yes"}}
