﻿{"request":{"type":"City","query":"Ljubljana, Slovenia","language":"en","unit":"m"},"location":{"name":"Ljubljana","country":"Slovenia","region":"Bohinj","lat":"46.055","lon":"14.514","timezone_id":"Europe/Ljubljana","localtime":"2024-11-29 05:29","localtime_epoch":1732858140,"utc_offset":"1.0"},"current":{"observation_time":"04:29 AM","temperature":5,"weather_code":176,"weather_icons":["https://cdn.worldweatheronline.com/images/wsymbols01_png_64/wsymbol_0025_light_rain_showers_night.png"],"weather_descriptions":["Patchy rain nearby"],"wind_speed":4,"wind_degree":71,"wind_dir":"ENE","pressure":1026,"precip":0,"humidity":91,"cloudcover":73,"feelslike":5,"uv_index":0,"visibility":10,"is_day":"no"}}
