﻿{"request":{"type":"City","query":"Mogadishu, Somalia","language":"en","unit":"m"},"location":{"name":"Mogadishu","country":"Somalia","region":"Banaadir","lat":"2.067","lon":"45.367","timezone_id":"Africa/Mogadishu","localtime":"2024-12-01 15:05","localtime_epoch":1733065500,"utc_offset":"3.0"},"current":{"observation_time":"12:05 PM","temperature":30,"weather_code":116,"weather_icons":["https://cdn.worldweatheronline.com/images/wsymbols01_png_64/wsymbol_0002_sunny_intervals.png"],"weather_descriptions":["Partly cloudy"],"wind_speed":31,"wind_degree":92,"wind_dir":"E","pressure":1009,"precip":0,"humidity":70,"cloudcover":25,"feelslike":34,"uv_index":5,"visibility":10,"is_day":"yes"}}
