﻿{"request":{"type":"City","query":"Mogadishu, Somalia","language":"en","unit":"m"},"location":{"name":"Mogadishu","country":"Somalia","region":"Banaadir","lat":"2.067","lon":"45.367","timezone_id":"Africa/Mogadishu","localtime":"2024-11-29 07:34","localtime_epoch":1732865640,"utc_offset":"3.0"},"current":{"observation_time":"04:34 AM","temperature":29,"weather_code":116,"weather_icons":["https://cdn.worldweatheronline.com/images/wsymbols01_png_64/wsymbol_0002_sunny_intervals.png"],"weather_descriptions":["Partly cloudy"],"wind_speed":13,"wind_degree":68,"wind_dir":"ENE","pressure":1012,"precip":0,"humidity":84,"cloudcover":75,"feelslike":35,"uv_index":0,"visibility":10,"is_day":"yes"}}
