﻿{"request":{"type":"City","query":"Madrid, Spain","language":"en","unit":"m"},"location":{"name":"Madrid","country":"Spain","region":"Madrid","lat":"40.400","lon":"-3.683","timezone_id":"Europe/Madrid","localtime":"2024-11-29 05:29","localtime_epoch":1732858140,"utc_offset":"1.0"},"current":{"observation_time":"04:29 AM","temperature":6,"weather_code":113,"weather_icons":["https://cdn.worldweatheronline.com/images/wsymbols01_png_64/wsymbol_0008_clear_sky_night.png"],"weather_descriptions":["Clear"],"wind_speed":6,"wind_degree":55,"wind_dir":"NE","pressure":1028,"precip":0,"humidity":87,"cloudcover":0,"feelslike":5,"uv_index":0,"visibility":10,"is_day":"no"}}
