﻿{"request":{"type":"City","query":"Madrid, Spain","language":"en","unit":"m"},"location":{"name":"Madrid","country":"Spain","region":"Madrid","lat":"40.400","lon":"-3.683","timezone_id":"Europe/Madrid","localtime":"2024-12-01 13:08","localtime_epoch":1733058480,"utc_offset":"1.0"},"current":{"observation_time":"12:08 PM","temperature":13,"weather_code":113,"weather_icons":["https://cdn.worldweatheronline.com/images/wsymbols01_png_64/wsymbol_0001_sunny.png"],"weather_descriptions":["Sunny"],"wind_speed":4,"wind_degree":342,"wind_dir":"NNW","pressure":1028,"precip":0,"humidity":77,"cloudcover":0,"feelslike":14,"uv_index":1,"visibility":8,"is_day":"yes"}}
