﻿{"request":{"type":"City","query":"Paramaribo, Suriname","language":"en","unit":"m"},"location":{"name":"Paramaribo","country":"Suriname","region":"Paramaribo","lat":"5.833","lon":"-55.167","timezone_id":"America/Paramaribo","localtime":"2024-11-27 02:21","localtime_epoch":1732674060,"utc_offset":"-3.0"},"current":{"observation_time":"05:21 AM","temperature":25,"weather_code":116,"weather_icons":["https://cdn.worldweatheronline.com/images/wsymbols01_png_64/wsymbol_0004_black_low_cloud.png"],"weather_descriptions":["Partly cloudy"],"wind_speed":15,"wind_degree":96,"wind_dir":"E","pressure":1010,"precip":0,"humidity":94,"cloudcover":25,"feelslike":28,"uv_index":0,"visibility":10,"is_day":"no"}}
