﻿{"request":{"type":"City","query":"Paramaribo, Suriname","language":"en","unit":"m"},"location":{"name":"Paramaribo","country":"Suriname","region":"Paramaribo","lat":"5.833","lon":"-55.167","timezone_id":"America/Paramaribo","localtime":"2024-12-01 09:27","localtime_epoch":1733045220,"utc_offset":"-3.0"},"current":{"observation_time":"12:27 PM","temperature":26,"weather_code":116,"weather_icons":["https://cdn.worldweatheronline.com/images/wsymbols01_png_64/wsymbol_0002_sunny_intervals.png"],"weather_descriptions":["Partly cloudy"],"wind_speed":11,"wind_degree":90,"wind_dir":"E","pressure":1013,"precip":0.8,"humidity":89,"cloudcover":25,"feelslike":30,"uv_index":2,"visibility":10,"is_day":"yes"}}
