﻿{"request":{"type":"City","query":"Stockholm, Sweden","language":"en","unit":"m"},"location":{"name":"Stockholm","country":"Sweden","region":"Stockholms Lan","lat":"59.333","lon":"18.050","timezone_id":"Europe/Stockholm","localtime":"2024-11-29 05:41","localtime_epoch":1732858860,"utc_offset":"1.0"},"current":{"observation_time":"04:41 AM","temperature":-2,"weather_code":122,"weather_icons":["https://cdn.worldweatheronline.com/images/wsymbols01_png_64/wsymbol_0004_black_low_cloud.png"],"weather_descriptions":["Overcast"],"wind_speed":8,"wind_degree":260,"wind_dir":"W","pressure":1026,"precip":0,"humidity":93,"cloudcover":100,"feelslike":-5,"uv_index":0,"visibility":10,"is_day":"no"}}
