﻿{"request":{"type":"City","query":"Stockholm, Sweden","language":"en","unit":"m"},"location":{"name":"Stockholm","country":"Sweden","region":"Stockholms Lan","lat":"59.333","lon":"18.050","timezone_id":"Europe/Stockholm","localtime":"2024-12-01 13:08","localtime_epoch":1733058480,"utc_offset":"1.0"},"current":{"observation_time":"12:08 PM","temperature":8,"weather_code":116,"weather_icons":["https://cdn.worldweatheronline.com/images/wsymbols01_png_64/wsymbol_0002_sunny_intervals.png"],"weather_descriptions":["Partly cloudy"],"wind_speed":17,"wind_degree":224,"wind_dir":"SW","pressure":1017,"precip":0,"humidity":87,"cloudcover":75,"feelslike":6,"uv_index":0,"visibility":10,"is_day":"yes"}}
