﻿{"request":{"type":"City","query":"Bern, Switzerland","language":"en","unit":"m"},"location":{"name":"Bern","country":"Switzerland","region":"","lat":"46.917","lon":"7.467","timezone_id":"Europe/Zurich","localtime":"2024-11-29 05:29","localtime_epoch":1732858140,"utc_offset":"1.0"},"current":{"observation_time":"04:29 AM","temperature":1,"weather_code":116,"weather_icons":["https://cdn.worldweatheronline.com/images/wsymbols01_png_64/wsymbol_0004_black_low_cloud.png"],"weather_descriptions":["Partly cloudy"],"wind_speed":7,"wind_degree":41,"wind_dir":"NE","pressure":1028,"precip":0,"humidity":93,"cloudcover":75,"feelslike":-1,"uv_index":0,"visibility":10,"is_day":"no"}}
