﻿{"request":{"type":"City","query":"Bern, Switzerland","language":"en","unit":"m"},"location":{"name":"Bern","country":"Switzerland","region":"","lat":"46.917","lon":"7.467","timezone_id":"Europe/Zurich","localtime":"2024-12-01 13:22","localtime_epoch":1733059320,"utc_offset":"1.0"},"current":{"observation_time":"12:22 PM","temperature":8,"weather_code":113,"weather_icons":["https://cdn.worldweatheronline.com/images/wsymbols01_png_64/wsymbol_0001_sunny.png"],"weather_descriptions":["Sunny"],"wind_speed":4,"wind_degree":267,"wind_dir":"W","pressure":1023,"precip":0,"humidity":46,"cloudcover":0,"feelslike":8,"uv_index":1,"visibility":10,"is_day":"yes"}}
