﻿{"request":{"type":"City","query":"Dushanbe, Tajikistan","language":"en","unit":"m"},"location":{"name":"Dushanbe","country":"Tajikistan","region":"Khatlon","lat":"38.560","lon":"68.774","timezone_id":"Asia/Dushanbe","localtime":"2024-12-01 17:17","localtime_epoch":1733073420,"utc_offset":"5.0"},"current":{"observation_time":"12:17 PM","temperature":2,"weather_code":353,"weather_icons":["https://cdn.worldweatheronline.com/images/wsymbols01_png_64/wsymbol_0009_light_rain_showers.png"],"weather_descriptions":["Light rain shower"],"wind_speed":7,"wind_degree":151,"wind_dir":"SSE","pressure":1028,"precip":0.4,"humidity":89,"cloudcover":96,"feelslike":0,"uv_index":0,"visibility":10,"is_day":"no"}}
