﻿{"request":{"type":"City","query":"Dushanbe, Tajikistan","language":"en","unit":"m"},"location":{"name":"Dushanbe","country":"Tajikistan","region":"Khatlon","lat":"38.560","lon":"68.774","timezone_id":"Asia/Dushanbe","localtime":"2024-11-29 10:53","localtime_epoch":1732877580,"utc_offset":"5.0"},"current":{"observation_time":"05:53 AM","temperature":15,"weather_code":116,"weather_icons":["https://cdn.worldweatheronline.com/images/wsymbols01_png_64/wsymbol_0002_sunny_intervals.png"],"weather_descriptions":["Partly cloudy"],"wind_speed":4,"wind_degree":340,"wind_dir":"NNW","pressure":1019,"precip":0,"humidity":44,"cloudcover":75,"feelslike":15,"uv_index":1,"visibility":9,"is_day":"yes"}}
