﻿{"request":{"type":"City","query":"Bangkok, Thailand","language":"en","unit":"m"},"location":{"name":"Bangkok","country":"Thailand","region":"Krung Thep","lat":"13.750","lon":"100.517","timezone_id":"Asia/Bangkok","localtime":"2024-11-29 13:06","localtime_epoch":1732885560,"utc_offset":"7.0"},"current":{"observation_time":"06:06 AM","temperature":29,"weather_code":116,"weather_icons":["https://cdn.worldweatheronline.com/images/wsymbols01_png_64/wsymbol_0002_sunny_intervals.png"],"weather_descriptions":["Partly cloudy"],"wind_speed":6,"wind_degree":18,"wind_dir":"NNE","pressure":1013,"precip":0,"humidity":52,"cloudcover":25,"feelslike":30,"uv_index":8,"visibility":10,"is_day":"yes"}}
