﻿{"request":{"type":"City","query":"Bangkok, Thailand","language":"en","unit":"m"},"location":{"name":"Bangkok","country":"Thailand","region":"Krung Thep","lat":"13.750","lon":"100.517","timezone_id":"Asia/Bangkok","localtime":"2024-12-01 19:17","localtime_epoch":1733080620,"utc_offset":"7.0"},"current":{"observation_time":"12:17 PM","temperature":29,"weather_code":116,"weather_icons":["https://cdn.worldweatheronline.com/images/wsymbols01_png_64/wsymbol_0004_black_low_cloud.png"],"weather_descriptions":["Partly cloudy"],"wind_speed":11,"wind_degree":7,"wind_dir":"N","pressure":1008,"precip":0,"humidity":52,"cloudcover":25,"feelslike":30,"uv_index":0,"visibility":10,"is_day":"no"}}
