﻿{"request":{"type":"City","query":"Lome, Togo","language":"en","unit":"m"},"location":{"name":"Lome","country":"Togo","region":"Maritime","lat":"6.132","lon":"1.223","timezone_id":"Africa/Accra","localtime":"2024-12-01 12:05","localtime_epoch":1733054700,"utc_offset":"0.0"},"current":{"observation_time":"12:05 PM","temperature":33,"weather_code":113,"weather_icons":["https://cdn.worldweatheronline.com/images/wsymbols01_png_64/wsymbol_0001_sunny.png"],"weather_descriptions":["Sunny"],"wind_speed":9,"wind_degree":125,"wind_dir":"SE","pressure":1012,"precip":0,"humidity":30,"cloudcover":0,"feelslike":33,"uv_index":8,"visibility":6,"is_day":"yes"}}
