﻿{"request":{"type":"City","query":"Lome, Togo","language":"en","unit":"m"},"location":{"name":"Lome","country":"Togo","region":"Maritime","lat":"6.132","lon":"1.223","timezone_id":"Africa/Accra","localtime":"2024-11-29 04:34","localtime_epoch":1732854840,"utc_offset":"0.0"},"current":{"observation_time":"04:34 AM","temperature":25,"weather_code":116,"weather_icons":["https://cdn.worldweatheronline.com/images/wsymbols01_png_64/wsymbol_0004_black_low_cloud.png"],"weather_descriptions":["Partly cloudy"],"wind_speed":6,"wind_degree":246,"wind_dir":"WSW","pressure":1012,"precip":0,"humidity":89,"cloudcover":25,"feelslike":27,"uv_index":0,"visibility":10,"is_day":"no"}}
