﻿{"request":{"type":"City","query":"Fakaofu Village, Tokelau Islands","language":"en","unit":"m"},"location":{"name":"Fakaofu Village","country":"Tokelau Islands","region":"","lat":"-9.383","lon":"-171.250","timezone_id":"Pacific/Fakaofo","localtime":"2024-11-29 18:02","localtime_epoch":1732903320,"utc_offset":"13.0"},"current":{"observation_time":"05:02 AM","temperature":29,"weather_code":113,"weather_icons":["https://cdn.worldweatheronline.com/images/wsymbols01_png_64/wsymbol_0001_sunny.png"],"weather_descriptions":["Sunny"],"wind_speed":23,"wind_degree":34,"wind_dir":"NE","pressure":1006,"precip":0,"humidity":64,"cloudcover":17,"feelslike":31,"uv_index":0,"visibility":10,"is_day":"yes"}}
