﻿{"request":{"type":"City","query":"Fakaofu Village, Tokelau Islands","language":"en","unit":"m"},"location":{"name":"Fakaofu Village","country":"Tokelau Islands","region":"","lat":"-9.383","lon":"-171.250","timezone_id":"Pacific/Fakaofo","localtime":"2024-12-02 01:12","localtime_epoch":1733101920,"utc_offset":"13.0"},"current":{"observation_time":"12:12 PM","temperature":29,"weather_code":176,"weather_icons":["https://cdn.worldweatheronline.com/images/wsymbols01_png_64/wsymbol_0025_light_rain_showers_night.png"],"weather_descriptions":["Patchy rain nearby"],"wind_speed":28,"wind_degree":96,"wind_dir":"E","pressure":1010,"precip":0,"humidity":69,"cloudcover":63,"feelslike":32,"uv_index":0,"visibility":10,"is_day":"no"}}
