﻿{"request":{"type":"City","query":"Nuku'alofa, Tonga","language":"en","unit":"m"},"location":{"name":"Nuku'alofa","country":"Tonga","region":"Tongatapu","lat":"-21.133","lon":"-175.200","timezone_id":"Pacific/Tongatapu","localtime":"2024-11-29 17:49","localtime_epoch":1732902540,"utc_offset":"13.0"},"current":{"observation_time":"04:49 AM","temperature":26,"weather_code":116,"weather_icons":["https://cdn.worldweatheronline.com/images/wsymbols01_png_64/wsymbol_0002_sunny_intervals.png"],"weather_descriptions":["Partly cloudy"],"wind_speed":37,"wind_degree":111,"wind_dir":"ESE","pressure":1010,"precip":0.1,"humidity":84,"cloudcover":75,"feelslike":30,"uv_index":2,"visibility":10,"is_day":"yes"}}
