﻿{"request":{"type":"City","query":"Nuku'alofa, Tonga","language":"en","unit":"m"},"location":{"name":"Nuku'alofa","country":"Tonga","region":"Tongatapu","lat":"-21.133","lon":"-175.200","timezone_id":"Pacific/Tongatapu","localtime":"2024-12-02 00:58","localtime_epoch":1733101080,"utc_offset":"13.0"},"current":{"observation_time":"11:58 AM","temperature":24,"weather_code":122,"weather_icons":["https://cdn.worldweatheronline.com/images/wsymbols01_png_64/wsymbol_0004_black_low_cloud.png"],"weather_descriptions":["Overcast"],"wind_speed":28,"wind_degree":79,"wind_dir":"E","pressure":1011,"precip":0,"humidity":100,"cloudcover":100,"feelslike":26,"uv_index":0,"visibility":10,"is_day":"no"}}
