﻿{"request":{"type":"City","query":"Tunis, Tunisia","language":"en","unit":"m"},"location":{"name":"Tunis","country":"Tunisia","region":"Gabes","lat":"36.803","lon":"10.180","timezone_id":"Africa/Tunis","localtime":"2024-12-01 13:21","localtime_epoch":1733059260,"utc_offset":"1.0"},"current":{"observation_time":"12:21 PM","temperature":18,"weather_code":116,"weather_icons":["https://cdn.worldweatheronline.com/images/wsymbols01_png_64/wsymbol_0002_sunny_intervals.png"],"weather_descriptions":["Partly cloudy"],"wind_speed":13,"wind_degree":344,"wind_dir":"NNW","pressure":1023,"precip":0,"humidity":49,"cloudcover":50,"feelslike":18,"uv_index":2,"visibility":10,"is_day":"yes"}}
