﻿{"request":{"type":"City","query":"Tunis, Tunisia","language":"en","unit":"m"},"location":{"name":"Tunis","country":"Tunisia","region":"Gabes","lat":"36.803","lon":"10.180","timezone_id":"Africa/Tunis","localtime":"2024-11-29 05:34","localtime_epoch":1732858440,"utc_offset":"1.0"},"current":{"observation_time":"04:34 AM","temperature":15,"weather_code":116,"weather_icons":["https://cdn.worldweatheronline.com/images/wsymbols01_png_64/wsymbol_0004_black_low_cloud.png"],"weather_descriptions":["Partly cloudy"],"wind_speed":8,"wind_degree":257,"wind_dir":"WSW","pressure":1025,"precip":0,"humidity":94,"cloudcover":25,"feelslike":15,"uv_index":0,"visibility":10,"is_day":"no"}}
