﻿{"request":{"type":"City","query":"Ashgabat, Turkmenistan","language":"en","unit":"m"},"location":{"name":"Ashgabat","country":"Turkmenistan","region":"Ahal","lat":"37.950","lon":"58.383","timezone_id":"Asia/Ashgabat","localtime":"2024-11-29 10:53","localtime_epoch":1732877580,"utc_offset":"5.0"},"current":{"observation_time":"05:53 AM","temperature":10,"weather_code":122,"weather_icons":["https://cdn.worldweatheronline.com/images/wsymbols01_png_64/wsymbol_0004_black_low_cloud.png"],"weather_descriptions":["Overcast"],"wind_speed":14,"wind_degree":118,"wind_dir":"ESE","pressure":1021,"precip":0.1,"humidity":76,"cloudcover":100,"feelslike":9,"uv_index":0,"visibility":10,"is_day":"yes"}}
