﻿{"request":{"type":"City","query":"Ankara, Turkey","language":"en","unit":"m"},"location":{"name":"Ankara","country":"Turkey","region":"Ankara","lat":"39.927","lon":"32.864","timezone_id":"Europe/Istanbul","localtime":"2024-12-01 15:08","localtime_epoch":1733065680,"utc_offset":"3.0"},"current":{"observation_time":"12:08 PM","temperature":3,"weather_code":122,"weather_icons":["https://cdn.worldweatheronline.com/images/wsymbols01_png_64/wsymbol_0004_black_low_cloud.png"],"weather_descriptions":["Overcast"],"wind_speed":4,"wind_degree":84,"wind_dir":"E","pressure":1025,"precip":0,"humidity":81,"cloudcover":100,"feelslike":2,"uv_index":1,"visibility":8,"is_day":"yes"}}
