﻿{"request":{"type":"City","query":"Ankara, Turkey","language":"en","unit":"m"},"location":{"name":"Ankara","country":"Turkey","region":"Ankara","lat":"39.927","lon":"32.864","timezone_id":"Europe/Istanbul","localtime":"2024-11-29 07:29","localtime_epoch":1732865340,"utc_offset":"3.0"},"current":{"observation_time":"04:29 AM","temperature":3,"weather_code":122,"weather_icons":["https://cdn.worldweatheronline.com/images/wsymbols01_png_64/wsymbol_0004_black_low_cloud.png"],"weather_descriptions":["Overcast"],"wind_speed":4,"wind_degree":119,"wind_dir":"ESE","pressure":1025,"precip":0,"humidity":93,"cloudcover":100,"feelslike":3,"uv_index":0,"visibility":6,"is_day":"no"}}
