﻿{"request":{"type":"City","query":"Ashgabat, Turkmenistan","language":"en","unit":"m"},"location":{"name":"Ashgabat","country":"Turkmenistan","region":"Ahal","lat":"37.950","lon":"58.383","timezone_id":"Asia/Ashgabat","localtime":"2024-12-01 17:32","localtime_epoch":1733074320,"utc_offset":"5.0"},"current":{"observation_time":"12:32 PM","temperature":8,"weather_code":116,"weather_icons":["https://cdn.worldweatheronline.com/images/wsymbols01_png_64/wsymbol_0002_sunny_intervals.png"],"weather_descriptions":["Partly cloudy"],"wind_speed":7,"wind_degree":62,"wind_dir":"ENE","pressure":1029,"precip":0,"humidity":61,"cloudcover":75,"feelslike":7,"uv_index":0,"visibility":10,"is_day":"yes"}}
