﻿{"request":{"type":"City","query":"Funafuti, Tuvalu","language":"en","unit":"m"},"location":{"name":"Funafuti","country":"Tuvalu","region":"","lat":"-8.517","lon":"179.217","timezone_id":"Pacific/Funafuti","localtime":"2024-12-02 00:12","localtime_epoch":1733098320,"utc_offset":"12.0"},"current":{"observation_time":"12:12 PM","temperature":28,"weather_code":116,"weather_icons":["https://cdn.worldweatheronline.com/images/wsymbols01_png_64/wsymbol_0004_black_low_cloud.png"],"weather_descriptions":["Partly cloudy"],"wind_speed":13,"wind_degree":19,"wind_dir":"NNE","pressure":1009,"precip":0,"humidity":84,"cloudcover":75,"feelslike":32,"uv_index":0,"visibility":10,"is_day":"no"}}
