﻿{"request":{"type":"City","query":"Funafuti, Tuvalu","language":"en","unit":"m"},"location":{"name":"Funafuti","country":"Tuvalu","region":"","lat":"-8.517","lon":"179.217","timezone_id":"Pacific/Funafuti","localtime":"2024-11-29 16:49","localtime_epoch":1732898940,"utc_offset":"12.0"},"current":{"observation_time":"04:49 AM","temperature":31,"weather_code":116,"weather_icons":["https://cdn.worldweatheronline.com/images/wsymbols01_png_64/wsymbol_0002_sunny_intervals.png"],"weather_descriptions":["Partly cloudy"],"wind_speed":12,"wind_degree":359,"wind_dir":"N","pressure":1004,"precip":0.1,"humidity":66,"cloudcover":50,"feelslike":38,"uv_index":3,"visibility":10,"is_day":"yes"}}
