﻿{"request":{"type":"City","query":"Kampala, Uganda","language":"en","unit":"m"},"location":{"name":"Kampala","country":"Uganda","region":"Kampala","lat":"0.316","lon":"32.566","timezone_id":"Africa/Kampala","localtime":"2024-11-29 07:22","localtime_epoch":1732864920,"utc_offset":"3.0"},"current":{"observation_time":"04:22 AM","temperature":17,"weather_code":143,"weather_icons":["https://cdn.worldweatheronline.com/images/wsymbols01_png_64/wsymbol_0006_mist.png"],"weather_descriptions":["Mist"],"wind_speed":4,"wind_degree":347,"wind_dir":"NNW","pressure":1017,"precip":0,"humidity":94,"cloudcover":62,"feelslike":17,"uv_index":0,"visibility":2,"is_day":"yes"}}
