﻿{"request":{"type":"City","query":"Kampala, Uganda","language":"en","unit":"m"},"location":{"name":"Kampala","country":"Uganda","region":"Kampala","lat":"0.316","lon":"32.566","timezone_id":"Africa/Kampala","localtime":"2024-12-01 15:05","localtime_epoch":1733065500,"utc_offset":"3.0"},"current":{"observation_time":"12:05 PM","temperature":27,"weather_code":116,"weather_icons":["https://cdn.worldweatheronline.com/images/wsymbols01_png_64/wsymbol_0002_sunny_intervals.png"],"weather_descriptions":["Partly Cloudy "],"wind_speed":4,"wind_degree":346,"wind_dir":"NNW","pressure":1008,"precip":0,"humidity":45,"cloudcover":27,"feelslike":28,"uv_index":3,"visibility":10,"is_day":"yes"}}
