﻿{"request":{"type":"City","query":"Kyiv, Ukraine","language":"en","unit":"m"},"location":{"name":"Kyiv","country":"Ukraine","region":"Kyyivs'ka Oblast'","lat":"50.433","lon":"30.517","timezone_id":"Europe/Kiev","localtime":"2024-11-29 06:41","localtime_epoch":1732862460,"utc_offset":"2.0"},"current":{"observation_time":"04:41 AM","temperature":0,"weather_code":122,"weather_icons":["https://cdn.worldweatheronline.com/images/wsymbols01_png_64/wsymbol_0004_black_low_cloud.png"],"weather_descriptions":["Overcast "],"wind_speed":14,"wind_degree":145,"wind_dir":"SE","pressure":1024,"precip":0,"humidity":92,"cloudcover":96,"feelslike":-4,"uv_index":0,"visibility":10,"is_day":"no"}}
