﻿{"request":{"type":"City","query":"Kyiv, Ukraine","language":"en","unit":"m"},"location":{"name":"Kyiv","country":"Ukraine","region":"Kyyivs'ka Oblast'","lat":"50.433","lon":"30.517","timezone_id":"Europe/Kiev","localtime":"2024-12-01 14:03","localtime_epoch":1733061780,"utc_offset":"2.0"},"current":{"observation_time":"12:03 PM","temperature":2,"weather_code":116,"weather_icons":["https://cdn.worldweatheronline.com/images/wsymbols01_png_64/wsymbol_0002_sunny_intervals.png"],"weather_descriptions":["Partly Cloudy "],"wind_speed":9,"wind_degree":160,"wind_dir":"SSE","pressure":1035,"precip":0,"humidity":85,"cloudcover":47,"feelslike":0,"uv_index":0,"visibility":10,"is_day":"yes"}}
