﻿{"request":{"type":"City","query":"Montevideo, Uruguay","language":"en","unit":"m"},"location":{"name":"Montevideo","country":"Uruguay","region":"Montevideo","lat":"-34.858","lon":"-56.171","timezone_id":"America/Montevideo","localtime":"2024-12-01 09:32","localtime_epoch":1733045520,"utc_offset":"-3.0"},"current":{"observation_time":"12:32 PM","temperature":18,"weather_code":386,"weather_icons":["https://cdn.worldweatheronline.com/images/wsymbols01_png_64/wsymbol_0016_thundery_showers.png"],"weather_descriptions":["Thunderstorm"],"wind_speed":24,"wind_degree":56,"wind_dir":"ENE","pressure":1003,"precip":0,"humidity":77,"cloudcover":75,"feelslike":18,"uv_index":4,"visibility":10,"is_day":"yes"}}
