﻿{"request":{"type":"City","query":"Montevideo, Uruguay","language":"en","unit":"m"},"location":{"name":"Montevideo","country":"Uruguay","region":"Montevideo","lat":"-34.858","lon":"-56.171","timezone_id":"America/Montevideo","localtime":"2024-11-27 02:32","localtime_epoch":1732674720,"utc_offset":"-3.0"},"current":{"observation_time":"05:32 AM","temperature":19,"weather_code":116,"weather_icons":["https://cdn.worldweatheronline.com/images/wsymbols01_png_64/wsymbol_0004_black_low_cloud.png"],"weather_descriptions":["Partly cloudy"],"wind_speed":9,"wind_degree":78,"wind_dir":"ENE","pressure":1008,"precip":0,"humidity":94,"cloudcover":25,"feelslike":19,"uv_index":0,"visibility":10,"is_day":"no"}}
