﻿{"request":{"type":"City","query":"Tashkent, Uzbekistan","language":"en","unit":"m"},"location":{"name":"Tashkent","country":"Uzbekistan","region":"Toshkent","lat":"41.317","lon":"69.250","timezone_id":"Asia/Tashkent","localtime":"2024-12-01 17:31","localtime_epoch":1733074260,"utc_offset":"5.0"},"current":{"observation_time":"12:31 PM","temperature":6,"weather_code":113,"weather_icons":["https://cdn.worldweatheronline.com/images/wsymbols01_png_64/wsymbol_0008_clear_sky_night.png"],"weather_descriptions":["Clear"],"wind_speed":6,"wind_degree":301,"wind_dir":"WNW","pressure":1029,"precip":0,"humidity":70,"cloudcover":0,"feelslike":5,"uv_index":0,"visibility":10,"is_day":"no"}}
