﻿{"request":{"type":"City","query":"Tashkent, Uzbekistan","language":"en","unit":"m"},"location":{"name":"Tashkent","country":"Uzbekistan","region":"Toshkent","lat":"41.317","lon":"69.250","timezone_id":"Asia/Tashkent","localtime":"2024-11-29 10:53","localtime_epoch":1732877580,"utc_offset":"5.0"},"current":{"observation_time":"05:53 AM","temperature":13,"weather_code":353,"weather_icons":["https://cdn.worldweatheronline.com/images/wsymbols01_png_64/wsymbol_0009_light_rain_showers.png"],"weather_descriptions":["Light Rain Shower, Mist"],"wind_speed":8,"wind_degree":332,"wind_dir":"NNW","pressure":1019,"precip":0,"humidity":72,"cloudcover":100,"feelslike":13,"uv_index":1,"visibility":5,"is_day":"yes"}}
