﻿{"request":{"type":"City","query":"Port Vila, Vanuatu","language":"en","unit":"m"},"location":{"name":"Port Vila","country":"Vanuatu","region":"Efate","lat":"-17.733","lon":"168.317","timezone_id":"Pacific/Efate","localtime":"2024-11-29 16:01","localtime_epoch":1732896060,"utc_offset":"11.0"},"current":{"observation_time":"05:01 AM","temperature":27,"weather_code":122,"weather_icons":["https://cdn.worldweatheronline.com/images/wsymbols01_png_64/wsymbol_0004_black_low_cloud.png"],"weather_descriptions":["Shower In Vicinity"],"wind_speed":24,"wind_degree":144,"wind_dir":"SE","pressure":1007,"precip":0.2,"humidity":89,"cloudcover":75,"feelslike":31,"uv_index":2,"visibility":10,"is_day":"yes"}}
