﻿{"request":{"type":"City","query":"Port Vila, Vanuatu","language":"en","unit":"m"},"location":{"name":"Port Vila","country":"Vanuatu","region":"Efate","lat":"-17.733","lon":"168.317","timezone_id":"Pacific/Efate","localtime":"2024-12-01 23:13","localtime_epoch":1733094780,"utc_offset":"11.0"},"current":{"observation_time":"12:13 PM","temperature":24,"weather_code":116,"weather_icons":["https://cdn.worldweatheronline.com/images/wsymbols01_png_64/wsymbol_0004_black_low_cloud.png"],"weather_descriptions":["Partly cloudy"],"wind_speed":15,"wind_degree":96,"wind_dir":"E","pressure":1009,"precip":0,"humidity":94,"cloudcover":25,"feelslike":26,"uv_index":0,"visibility":10,"is_day":"no"}}
