﻿{"request":{"type":"City","query":"Lusaka, Zambia","language":"en","unit":"m"},"location":{"name":"Lusaka","country":"Zambia","region":"Lusaka","lat":"-15.417","lon":"28.283","timezone_id":"Africa/Lusaka","localtime":"2024-11-29 06:34","localtime_epoch":1732862040,"utc_offset":"2.0"},"current":{"observation_time":"04:34 AM","temperature":20,"weather_code":113,"weather_icons":["https://cdn.worldweatheronline.com/images/wsymbols01_png_64/wsymbol_0001_sunny.png"],"weather_descriptions":["Sunny"],"wind_speed":4,"wind_degree":332,"wind_dir":"NNW","pressure":1015,"precip":0,"humidity":72,"cloudcover":20,"feelslike":20,"uv_index":0,"visibility":10,"is_day":"yes"}}
