﻿{"request":{"type":"City","query":"Lusaka, Zambia","language":"en","unit":"m"},"location":{"name":"Lusaka","country":"Zambia","region":"Lusaka","lat":"-15.417","lon":"28.283","timezone_id":"Africa/Lusaka","localtime":"2024-12-01 14:05","localtime_epoch":1733061900,"utc_offset":"2.0"},"current":{"observation_time":"12:05 PM","temperature":30,"weather_code":113,"weather_icons":["https://cdn.worldweatheronline.com/images/wsymbols01_png_64/wsymbol_0001_sunny.png"],"weather_descriptions":["Sunny"],"wind_speed":14,"wind_degree":143,"wind_dir":"SE","pressure":1010,"precip":0,"humidity":23,"cloudcover":6,"feelslike":28,"uv_index":11,"visibility":10,"is_day":"yes"}}
