﻿{"request":{"type":"City","query":"Harare, Zimbabwe","language":"en","unit":"m"},"location":{"name":"Harare","country":"Zimbabwe","region":"Mashonaland East","lat":"-17.818","lon":"31.045","timezone_id":"Africa/Harare","localtime":"2024-11-29 06:30","localtime_epoch":1732861800,"utc_offset":"2.0"},"current":{"observation_time":"04:30 AM","temperature":18,"weather_code":176,"weather_icons":["https://cdn.worldweatheronline.com/images/wsymbols01_png_64/wsymbol_0009_light_rain_showers.png"],"weather_descriptions":["Patchy rain nearby"],"wind_speed":10,"wind_degree":121,"wind_dir":"ESE","pressure":1017,"precip":0.1,"humidity":91,"cloudcover":80,"feelslike":18,"uv_index":0,"visibility":10,"is_day":"yes"}}
