﻿{"request":{"type":"City","query":"Harare, Zimbabwe","language":"en","unit":"m"},"location":{"name":"Harare","country":"Zimbabwe","region":"Mashonaland East","lat":"-17.818","lon":"31.045","timezone_id":"Africa/Harare","localtime":"2024-12-01 14:00","localtime_epoch":1733061600,"utc_offset":"2.0"},"current":{"observation_time":"12:00 PM","temperature":27,"weather_code":113,"weather_icons":["https://cdn.worldweatheronline.com/images/wsymbols01_png_64/wsymbol_0001_sunny.png"],"weather_descriptions":["Sunny"],"wind_speed":15,"wind_degree":121,"wind_dir":"ESE","pressure":1012,"precip":0,"humidity":17,"cloudcover":0,"feelslike":25,"uv_index":10,"visibility":10,"is_day":"yes"}}
